pdb,chain,ligand,depth_from_ligand_A,radius_A,enclosure_atoms_12A,kept
Amp_MexB_20260826,E,Ampicillin,0.00,2.64,256,yes
Amp_MexB_20260826,E,Ampicillin,0.13,2.72,254,yes
Amp_MexB_20260826,E,Ampicillin,0.27,2.80,252,yes
Amp_MexB_20260826,E,Ampicillin,0.40,2.88,250,yes
Amp_MexB_20260826,E,Ampicillin,0.53,2.97,247,yes
Amp_MexB_20260826,E,Ampicillin,0.66,3.06,248,yes
Amp_MexB_20260826,E,Ampicillin,0.79,3.14,249,yes
Amp_MexB_20260826,E,Ampicillin,0.92,3.22,253,yes
Amp_MexB_20260826,E,Ampicillin,1.04,3.29,255,yes
Amp_MexB_20260826,E,Ampicillin,1.17,3.35,254,yes
Amp_MexB_20260826,E,Ampicillin,1.30,3.38,257,yes
Amp_MexB_20260826,E,Ampicillin,1.43,3.41,256,yes
Amp_MexB_20260826,E,Ampicillin,1.56,3.44,255,yes
Amp_MexB_20260826,E,Ampicillin,1.68,3.43,256,yes
Amp_MexB_20260826,E,Ampicillin,1.80,3.41,257,yes
Amp_MexB_20260826,E,Ampicillin,1.92,3.40,259,yes
Amp_MexB_20260826,E,Ampicillin,2.04,3.39,260,yes
Amp_MexB_20260826,E,Ampicillin,2.16,3.36,259,yes
Amp_MexB_20260826,E,Ampicillin,2.28,3.32,255,yes
Amp_MexB_20260826,E,Ampicillin,2.40,3.29,257,yes
Amp_MexB_20260826,E,Ampicillin,2.52,3.27,258,yes
Amp_MexB_20260826,E,Ampicillin,2.62,3.24,257,yes
Amp_MexB_20260826,E,Ampicillin,2.72,3.22,259,yes
Amp_MexB_20260826,E,Ampicillin,2.82,3.19,261,yes
Amp_MexB_20260826,E,Ampicillin,2.92,3.17,263,yes
Amp_MexB_20260826,E,Ampicillin,3.02,3.14,262,yes
Amp_MexB_20260826,E,Ampicillin,3.16,3.14,263,yes
Amp_MexB_20260826,E,Ampicillin,3.31,3.14,265,yes
Amp_MexB_20260826,E,Ampicillin,3.44,3.12,266,yes
Amp_MexB_20260826,E,Ampicillin,3.58,3.11,265,yes
Amp_MexB_20260826,E,Ampicillin,3.68,3.10,265,yes
Amp_MexB_20260826,E,Ampicillin,3.78,3.10,265,yes
Amp_MexB_20260826,E,Ampicillin,3.87,3.07,268,yes
Amp_MexB_20260826,E,Ampicillin,3.99,3.09,264,yes
Amp_MexB_20260826,E,Ampicillin,4.11,3.10,263,yes
Amp_MexB_20260826,E,Ampicillin,4.24,3.12,258,yes
Amp_MexB_20260826,E,Ampicillin,4.36,3.14,260,yes
Amp_MexB_20260826,E,Ampicillin,4.48,3.13,260,yes
Amp_MexB_20260826,E,Ampicillin,4.60,3.12,261,yes
Amp_MexB_20260826,E,Ampicillin,4.73,3.12,261,yes
Amp_MexB_20260826,E,Ampicillin,4.85,3.11,261,yes
Amp_MexB_20260826,E,Ampicillin,4.97,3.12,259,yes
Amp_MexB_20260826,E,Ampicillin,5.11,3.11,258,yes
Amp_MexB_20260826,E,Ampicillin,5.25,3.10,259,yes
Amp_MexB_20260826,E,Ampicillin,5.40,3.10,261,yes
Amp_MexB_20260826,E,Ampicillin,5.54,3.10,262,yes
Amp_MexB_20260826,E,Ampicillin,5.68,3.10,261,yes
Amp_MexB_20260826,E,Ampicillin,5.82,3.11,260,yes
Amp_MexB_20260826,E,Ampicillin,5.96,3.11,259,yes
Amp_MexB_20260826,E,Ampicillin,6.09,3.12,263,yes
Amp_MexB_20260826,E,Ampicillin,6.23,3.14,263,yes
Amp_MexB_20260826,E,Ampicillin,6.37,3.15,262,yes
Amp_MexB_20260826,E,Ampicillin,6.50,3.17,263,yes
Amp_MexB_20260826,E,Ampicillin,6.63,3.19,262,yes
Amp_MexB_20260826,E,Ampicillin,6.76,3.22,260,yes
Amp_MexB_20260826,E,Ampicillin,6.89,3.25,263,yes
Amp_MexB_20260826,E,Ampicillin,6.99,3.26,262,yes
Amp_MexB_20260826,E,Ampicillin,7.10,3.26,266,yes
Amp_MexB_20260826,E,Ampicillin,7.20,3.27,267,yes
Amp_MexB_20260826,E,Ampicillin,7.30,3.23,263,yes
Amp_MexB_20260826,E,Ampicillin,7.41,3.20,257,yes
Amp_MexB_20260826,E,Ampicillin,7.51,3.16,254,yes
Amp_MexB_20260826,E,Ampicillin,7.64,3.12,252,yes
Amp_MexB_20260826,E,Ampicillin,7.76,3.08,249,yes
Amp_MexB_20260826,E,Ampicillin,7.89,3.04,246,yes
Amp_MexB_20260826,E,Ampicillin,8.01,3.00,246,yes
Amp_MexB_20260826,E,Ampicillin,8.15,2.97,244,yes
Amp_MexB_20260826,E,Ampicillin,8.29,2.94,244,yes
Amp_MexB_20260826,E,Ampicillin,8.43,2.92,241,yes
Amp_MexB_20260826,E,Ampicillin,8.57,2.90,239,yes
Amp_MexB_20260826,E,Ampicillin,8.70,2.88,233,yes
Amp_MexB_20260826,E,Ampicillin,8.83,2.87,230,yes
Amp_MexB_20260826,E,Ampicillin,8.97,2.86,225,yes
Amp_MexB_20260826,E,Ampicillin,9.10,2.85,226,yes
Amp_MexB_20260826,E,Ampicillin,9.22,2.85,223,yes
Amp_MexB_20260826,E,Ampicillin,9.33,2.85,223,yes
Amp_MexB_20260826,E,Ampicillin,9.45,2.85,222,yes
Amp_MexB_20260826,E,Ampicillin,9.57,2.86,224,yes
Amp_MexB_20260826,E,Ampicillin,9.71,2.87,225,yes
Amp_MexB_20260826,E,Ampicillin,9.85,2.88,224,yes
Amp_MexB_20260826,E,Ampicillin,10.00,2.90,225,yes
Amp_MexB_20260826,E,Ampicillin,10.14,2.92,223,yes
Amp_MexB_20260826,E,Ampicillin,10.28,2.95,224,yes
Amp_MexB_20260826,E,Ampicillin,10.42,2.97,227,yes
Amp_MexB_20260826,E,Ampicillin,10.57,3.01,228,yes
Amp_MexB_20260826,E,Ampicillin,10.72,3.06,230,yes
Amp_MexB_20260826,E,Ampicillin,10.87,3.10,231,yes
Amp_MexB_20260826,E,Ampicillin,11.01,3.12,230,yes
Amp_MexB_20260826,E,Ampicillin,11.16,3.14,233,yes
Amp_MexB_20260826,E,Ampicillin,11.30,3.17,231,yes
Amp_MexB_20260826,E,Ampicillin,11.45,3.19,232,yes
Amp_MexB_20260826,E,Ampicillin,11.59,3.21,233,yes
Amp_MexB_20260826,E,Ampicillin,11.74,3.23,234,yes
Amp_MexB_20260826,E,Ampicillin,11.86,3.23,236,yes
Amp_MexB_20260826,E,Ampicillin,11.98,3.23,238,yes
Amp_MexB_20260826,E,Ampicillin,12.11,3.23,242,yes
Amp_MexB_20260826,E,Ampicillin,12.23,3.22,239,yes
Amp_MexB_20260826,E,Ampicillin,12.36,3.22,239,yes
Amp_MexB_20260826,E,Ampicillin,12.49,3.22,238,yes
Amp_MexB_20260826,E,Ampicillin,12.63,3.23,238,yes
Amp_MexB_20260826,E,Ampicillin,12.76,3.23,240,yes
Amp_MexB_20260826,E,Ampicillin,12.90,3.24,240,yes
Amp_MexB_20260826,E,Ampicillin,13.05,3.25,242,yes
Amp_MexB_20260826,E,Ampicillin,13.19,3.27,240,yes
Amp_MexB_20260826,E,Ampicillin,13.34,3.30,241,yes
Amp_MexB_20260826,E,Ampicillin,13.46,3.32,243,yes
Amp_MexB_20260826,E,Ampicillin,13.59,3.35,239,yes
Amp_MexB_20260826,E,Ampicillin,13.71,3.37,234,yes
Amp_MexB_20260826,E,Ampicillin,13.83,3.40,236,yes
Amp_MexB_20260826,E,Ampicillin,13.96,3.44,238,yes
Amp_MexB_20260826,E,Ampicillin,14.09,3.48,239,yes
Amp_MexB_20260826,E,Ampicillin,14.21,3.52,242,yes
Amp_MexB_20260826,E,Ampicillin,14.34,3.56,241,yes
Amp_MexB_20260826,E,Ampicillin,14.47,3.60,244,yes
Amp_MexB_20260826,E,Ampicillin,14.60,3.65,247,yes
Amp_MexB_20260826,E,Ampicillin,14.72,3.68,248,yes
Amp_MexB_20260826,E,Ampicillin,14.84,3.70,248,yes
Amp_MexB_20260826,E,Ampicillin,14.97,3.74,247,yes
Amp_MexB_20260826,E,Ampicillin,15.09,3.77,247,yes
Amp_MexB_20260826,E,Ampicillin,15.21,3.81,248,yes
Amp_MexB_20260826,E,Ampicillin,15.34,3.82,245,yes
Amp_MexB_20260826,E,Ampicillin,15.48,3.83,248,yes
Amp_MexB_20260826,E,Ampicillin,15.61,3.85,246,yes
Amp_MexB_20260826,E,Ampicillin,15.74,3.87,249,yes
Amp_MexB_20260826,E,Ampicillin,15.89,3.87,251,yes
Amp_MexB_20260826,E,Ampicillin,16.03,3.88,247,yes
Amp_MexB_20260826,E,Ampicillin,16.18,3.89,245,yes
Amp_MexB_20260826,E,Ampicillin,16.29,3.89,244,yes
Amp_MexB_20260826,E,Ampicillin,16.40,3.90,243,yes
Amp_MexB_20260826,E,Ampicillin,16.51,3.90,243,yes
Amp_MexB_20260826,E,Ampicillin,16.63,3.92,243,yes
Amp_MexB_20260826,E,Ampicillin,16.75,3.95,243,yes
Amp_MexB_20260826,E,Ampicillin,16.85,3.97,248,yes
Amp_MexB_20260826,E,Ampicillin,16.94,3.99,250,yes
Amp_MexB_20260826,E,Ampicillin,17.03,4.01,253,yes
Amp_MexB_20260826,E,Ampicillin,17.12,4.04,253,yes
Amp_MexB_20260826,E,Ampicillin,17.24,4.07,257,yes
Amp_MexB_20260826,E,Ampicillin,17.36,4.11,255,yes
Amp_MexB_20260826,E,Ampicillin,17.46,4.15,253,yes
Amp_MexB_20260826,E,Ampicillin,17.57,4.17,255,yes
Amp_MexB_20260826,E,Ampicillin,17.68,4.20,257,yes
Amp_MexB_20260826,E,Ampicillin,17.81,4.21,254,yes
Amp_MexB_20260826,E,Ampicillin,17.94,4.22,253,yes
Amp_MexB_20260826,E,Ampicillin,18.07,4.24,252,yes
Amp_MexB_20260826,E,Ampicillin,18.21,4.24,252,yes
Amp_MexB_20260826,E,Ampicillin,18.35,4.25,254,yes
Amp_MexB_20260826,E,Ampicillin,18.49,4.25,256,yes
Amp_MexB_20260826,E,Ampicillin,18.62,4.25,260,yes
Amp_MexB_20260826,E,Ampicillin,18.75,4.26,260,yes
Amp_MexB_20260826,E,Ampicillin,18.88,4.27,261,yes
Amp_MexB_20260826,E,Ampicillin,18.98,4.27,263,yes
Amp_MexB_20260826,E,Ampicillin,19.08,4.29,263,yes
Amp_MexB_20260826,E,Ampicillin,19.18,4.30,263,yes
Amp_MexB_20260826,E,Ampicillin,19.29,4.31,261,yes
Amp_MexB_20260826,E,Ampicillin,19.39,4.32,263,yes
Amp_MexB_20260826,E,Ampicillin,19.52,4.34,266,yes
Amp_MexB_20260826,E,Ampicillin,19.64,4.35,265,yes
Amp_MexB_20260826,E,Ampicillin,19.77,4.35,265,yes
Amp_MexB_20260826,E,Ampicillin,19.90,4.36,269,yes
Amp_MexB_20260826,E,Ampicillin,20.03,4.36,268,yes
Amp_MexB_20260826,E,Ampicillin,20.17,4.35,268,yes
Amp_MexB_20260826,E,Ampicillin,20.31,4.33,270,yes
Amp_MexB_20260826,E,Ampicillin,20.45,4.32,274,yes
Amp_MexB_20260826,E,Ampicillin,20.59,4.31,275,yes
Amp_MexB_20260826,E,Ampicillin,20.72,4.26,276,yes
Amp_MexB_20260826,E,Ampicillin,20.85,4.22,275,yes
Amp_MexB_20260826,E,Ampicillin,20.98,4.18,279,yes
Amp_MexB_20260826,E,Ampicillin,21.11,4.14,277,yes
Amp_MexB_20260826,E,Ampicillin,21.24,4.11,276,yes
Amp_MexB_20260826,E,Ampicillin,21.37,4.05,275,yes
Amp_MexB_20260826,E,Ampicillin,21.51,4.00,276,yes
Amp_MexB_20260826,E,Ampicillin,21.64,3.95,274,yes
Amp_MexB_20260826,E,Ampicillin,21.78,3.90,270,yes
Amp_MexB_20260826,E,Ampicillin,21.91,3.86,272,yes
Amp_MexB_20260826,E,Ampicillin,22.05,3.80,272,yes
Amp_MexB_20260826,E,Ampicillin,22.20,3.74,274,yes
Amp_MexB_20260826,E,Ampicillin,22.34,3.69,277,yes
Amp_MexB_20260826,E,Ampicillin,22.48,3.63,275,yes
Amp_MexB_20260826,E,Ampicillin,22.63,3.59,275,yes
Amp_MexB_20260826,E,Ampicillin,22.76,3.55,273,yes
Amp_MexB_20260826,E,Ampicillin,22.89,3.51,269,yes
Amp_MexB_20260826,E,Ampicillin,23.03,3.48,268,yes
Amp_MexB_20260826,E,Ampicillin,23.16,3.45,267,yes
Amp_MexB_20260826,E,Ampicillin,23.29,3.42,267,yes
Amp_MexB_20260826,E,Ampicillin,23.43,3.38,265,yes
Amp_MexB_20260826,E,Ampicillin,23.57,3.35,264,yes
Amp_MexB_20260826,E,Ampicillin,23.71,3.33,264,yes
Amp_MexB_20260826,E,Ampicillin,23.85,3.31,265,yes
Amp_MexB_20260826,E,Ampicillin,23.97,3.28,264,yes
Amp_MexB_20260826,E,Ampicillin,24.08,3.26,266,yes
Amp_MexB_20260826,E,Ampicillin,24.20,3.23,265,yes
Amp_MexB_20260826,E,Ampicillin,24.31,3.19,264,yes
Amp_MexB_20260826,E,Ampicillin,24.46,3.15,263,yes
Amp_MexB_20260826,E,Ampicillin,24.60,3.11,263,yes
Amp_MexB_20260826,E,Ampicillin,24.75,3.08,261,yes
Amp_MexB_20260826,E,Ampicillin,24.86,3.05,254,yes
Amp_MexB_20260826,E,Ampicillin,24.97,3.02,254,yes
Amp_MexB_20260826,E,Ampicillin,25.08,3.00,253,yes
Amp_MexB_20260826,E,Ampicillin,25.20,2.97,252,yes
Amp_MexB_20260826,E,Ampicillin,25.34,2.94,252,yes
Amp_MexB_20260826,E,Ampicillin,25.48,2.91,254,yes
Amp_MexB_20260826,E,Ampicillin,25.61,2.88,256,yes
Amp_MexB_20260826,E,Ampicillin,25.76,2.84,256,yes
Amp_MexB_20260826,E,Ampicillin,25.90,2.81,257,yes
Amp_MexB_20260826,E,Ampicillin,26.04,2.77,255,yes
Amp_MexB_20260826,E,Ampicillin,26.18,2.74,254,yes
Amp_MexB_20260826,E,Ampicillin,26.33,2.70,253,yes
Amp_MexB_20260826,E,Ampicillin,26.48,2.67,252,yes
Amp_MexB_20260826,E,Ampicillin,26.61,2.63,251,yes
Amp_MexB_20260826,E,Ampicillin,26.74,2.59,251,yes
Amp_MexB_20260826,E,Ampicillin,26.87,2.55,252,yes
Amp_MexB_20260826,E,Ampicillin,27.00,2.51,252,yes
Amp_MexB_20260826,E,Ampicillin,27.12,2.48,252,yes
Amp_MexB_20260826,E,Ampicillin,27.24,2.45,250,yes
Amp_MexB_20260826,E,Ampicillin,27.36,2.42,250,yes
Amp_MexB_20260826,E,Ampicillin,27.48,2.39,248,yes
Amp_MexB_20260826,E,Ampicillin,27.60,2.37,250,yes
Amp_MexB_20260826,E,Ampicillin,27.72,2.34,251,yes
Amp_MexB_20260826,E,Ampicillin,27.84,2.32,250,yes
Amp_MexB_20260826,E,Ampicillin,27.97,2.31,247,yes
Amp_MexB_20260826,E,Ampicillin,28.09,2.28,245,yes
Amp_MexB_20260826,E,Ampicillin,28.21,2.27,249,yes
Amp_MexB_20260826,E,Ampicillin,28.34,2.25,253,yes
Amp_MexB_20260826,E,Ampicillin,28.47,2.23,256,yes
Amp_MexB_20260826,E,Ampicillin,28.60,2.22,259,yes
Amp_MexB_20260826,E,Ampicillin,28.73,2.21,260,yes
Amp_MexB_20260826,E,Ampicillin,28.86,2.21,262,yes
Amp_MexB_20260826,E,Ampicillin,28.99,2.21,261,yes
Amp_MexB_20260826,E,Ampicillin,29.13,2.21,263,yes
Amp_MexB_20260826,E,Ampicillin,29.26,2.22,262,yes
Amp_MexB_20260826,E,Ampicillin,29.40,2.23,263,yes
Amp_MexB_20260826,E,Ampicillin,29.53,2.25,263,yes
Amp_MexB_20260826,E,Ampicillin,29.67,2.27,263,yes
Amp_MexB_20260826,E,Ampicillin,29.80,2.29,264,yes
Amp_MexB_20260826,E,Ampicillin,29.93,2.32,261,yes
Amp_MexB_20260826,E,Ampicillin,30.06,2.35,257,yes
Amp_MexB_20260826,E,Ampicillin,30.18,2.38,256,yes
Amp_MexB_20260826,E,Ampicillin,30.31,2.41,257,yes
Amp_MexB_20260826,E,Ampicillin,30.43,2.46,257,yes
Amp_MexB_20260826,E,Ampicillin,30.55,2.50,257,yes
Amp_MexB_20260826,E,Ampicillin,30.67,2.55,256,yes
Amp_MexB_20260826,E,Ampicillin,30.79,2.59,252,yes
Amp_MexB_20260826,E,Ampicillin,30.90,2.63,252,yes
Amp_MexB_20260826,E,Ampicillin,31.02,2.67,253,yes
Amp_MexB_20260826,E,Ampicillin,31.13,2.69,248,yes
Amp_MexB_20260826,E,Ampicillin,31.24,2.72,250,yes
Amp_MexB_20260826,E,Ampicillin,31.36,2.74,252,yes
Amp_MexB_20260826,E,Ampicillin,31.47,2.74,251,yes
Amp_MexB_20260826,E,Ampicillin,31.59,2.73,251,yes
Amp_MexB_20260826,E,Ampicillin,31.70,2.72,250,yes
Amp_MexB_20260826,E,Ampicillin,31.81,2.70,247,yes
Amp_MexB_20260826,E,Ampicillin,31.92,2.68,246,yes
Amp_MexB_20260826,E,Ampicillin,32.02,2.66,245,yes
Amp_MexB_20260826,E,Ampicillin,32.16,2.63,246,yes
Amp_MexB_20260826,E,Ampicillin,32.29,2.58,246,yes
Amp_MexB_20260826,E,Ampicillin,32.43,2.54,244,yes
Amp_MexB_20260826,E,Ampicillin,32.56,2.50,245,yes
Amp_MexB_20260826,E,Ampicillin,32.70,2.46,246,yes
Amp_MexB_20260826,E,Ampicillin,32.84,2.43,244,yes
Amp_MexB_20260826,E,Ampicillin,32.97,2.41,244,yes
Amp_MexB_20260826,E,Ampicillin,33.09,2.38,243,yes
Amp_MexB_20260826,E,Ampicillin,33.21,2.37,242,yes
Amp_MexB_20260826,E,Ampicillin,33.33,2.35,240,yes
Amp_MexB_20260826,E,Ampicillin,33.46,2.34,240,yes
Amp_MexB_20260826,E,Ampicillin,33.59,2.33,241,yes
Amp_MexB_20260826,E,Ampicillin,33.73,2.31,238,yes
Amp_MexB_20260826,E,Ampicillin,33.87,2.31,236,yes
Amp_MexB_20260826,E,Ampicillin,34.01,2.30,237,yes
Amp_MexB_20260826,E,Ampicillin,34.15,2.29,237,yes
Amp_MexB_20260826,E,Ampicillin,34.29,2.28,236,yes
Amp_MexB_20260826,E,Ampicillin,34.43,2.28,236,yes
Amp_MexB_20260826,E,Ampicillin,34.55,2.28,234,yes
Amp_MexB_20260826,E,Ampicillin,34.66,2.28,233,yes
Amp_MexB_20260826,E,Ampicillin,34.77,2.28,235,yes
Amp_MexB_20260826,E,Ampicillin,34.89,2.29,233,yes
Amp_MexB_20260826,E,Ampicillin,35.01,2.29,231,yes
Amp_MexB_20260826,E,Ampicillin,35.13,2.29,233,yes
Amp_MexB_20260826,E,Ampicillin,35.26,2.30,234,yes
Amp_MexB_20260826,E,Ampicillin,35.38,2.31,233,yes
Amp_MexB_20260826,E,Ampicillin,35.52,2.32,233,yes
Amp_MexB_20260826,E,Ampicillin,35.66,2.34,231,yes
Amp_MexB_20260826,E,Ampicillin,35.79,2.36,231,yes
Amp_MexB_20260826,E,Ampicillin,35.93,2.39,231,yes
Amp_MexB_20260826,E,Ampicillin,36.06,2.41,229,yes
Amp_MexB_20260826,E,Ampicillin,36.18,2.44,228,yes
Amp_MexB_20260826,E,Ampicillin,36.30,2.46,228,yes
Amp_MexB_20260826,E,Ampicillin,36.43,2.50,226,yes
Amp_MexB_20260826,E,Ampicillin,36.57,2.52,225,yes
Amp_MexB_20260826,E,Ampicillin,36.70,2.55,226,yes
Amp_MexB_20260826,E,Ampicillin,36.84,2.59,226,yes
Amp_MexB_20260826,E,Ampicillin,36.96,2.60,225,yes
Amp_MexB_20260826,E,Ampicillin,37.08,2.59,226,yes
Amp_MexB_20260826,E,Ampicillin,37.21,2.58,225,yes
Amp_MexB_20260826,E,Ampicillin,37.33,2.58,224,yes
Amp_MexB_20260826,E,Ampicillin,37.46,2.57,229,yes
Amp_MexB_20260826,E,Ampicillin,37.59,2.56,229,yes
Amp_MexB_20260826,E,Ampicillin,37.72,2.56,229,yes
Amp_MexB_20260826,E,Ampicillin,37.85,2.56,230,yes
Amp_MexB_20260826,E,Ampicillin,37.97,2.54,229,yes
Amp_MexB_20260826,E,Ampicillin,38.10,2.54,229,yes
Amp_MexB_20260826,E,Ampicillin,38.22,2.53,229,yes
Amp_MexB_20260826,E,Ampicillin,38.35,2.53,230,yes
Amp_MexB_20260826,E,Ampicillin,38.47,2.53,229,yes
Amp_MexB_20260826,E,Ampicillin,38.59,2.53,228,yes
Amp_MexB_20260826,E,Ampicillin,38.71,2.54,226,yes
Amp_MexB_20260826,E,Ampicillin,38.83,2.55,225,yes
Amp_MexB_20260826,E,Ampicillin,38.94,2.56,225,yes
Amp_MexB_20260826,E,Ampicillin,39.06,2.57,223,yes
Amp_MexB_20260826,E,Ampicillin,39.17,2.58,221,yes
Amp_MexB_20260826,E,Ampicillin,39.28,2.59,222,yes
Amp_MexB_20260826,E,Ampicillin,39.43,2.62,219,yes
Amp_MexB_20260826,E,Ampicillin,39.57,2.64,218,yes
Amp_MexB_20260826,E,Ampicillin,39.71,2.65,221,yes
Amp_MexB_20260826,E,Ampicillin,39.83,2.66,219,yes
Amp_MexB_20260826,E,Ampicillin,39.95,2.67,219,yes
Amp_MexB_20260826,E,Ampicillin,40.06,2.67,217,yes
Amp_MexB_20260826,E,Ampicillin,40.18,2.67,217,yes
Amp_MexB_20260826,E,Ampicillin,40.30,2.68,218,yes
Amp_MexB_20260826,E,Ampicillin,40.42,2.68,215,yes
Amp_MexB_20260826,E,Ampicillin,40.55,2.69,216,yes
Amp_MexB_20260826,E,Ampicillin,40.68,2.69,216,yes
Amp_MexB_20260826,E,Ampicillin,40.81,2.70,216,yes
Amp_MexB_20260826,E,Ampicillin,40.96,2.72,218,yes
Amp_MexB_20260826,E,Ampicillin,41.10,2.74,219,yes
Amp_MexB_20260826,E,Ampicillin,41.25,2.76,222,yes
Amp_MexB_20260826,E,Ampicillin,41.38,2.78,221,yes
Amp_MexB_20260826,E,Ampicillin,41.50,2.80,218,yes
Amp_MexB_20260826,E,Ampicillin,41.63,2.82,216,yes
Amp_MexB_20260826,E,Ampicillin,41.76,2.84,209,yes
Amp_MexB_20260826,E,Ampicillin,41.90,2.86,207,yes
Amp_MexB_20260826,E,Ampicillin,42.04,2.87,206,yes
Amp_MexB_20260826,E,Ampicillin,42.17,2.89,203,yes
Amp_MexB_20260826,E,Ampicillin,42.31,2.92,201,no
Amp_MexB_20260826,E,Ampicillin,42.46,2.92,198,no
Amp_MexB_20260826,E,Ampicillin,42.61,2.93,196,no
Amp_MexB_20260826,E,Ampicillin,42.76,2.95,194,no
Amp_MexB_20260826,E,Ampicillin,42.91,2.97,196,no
Amp_MexB_20260826,E,Ampicillin,43.05,2.98,188,no
Amp_MexB_20260826,E,Ampicillin,43.20,2.99,184,no
Amp_MexB_20260826,E,Ampicillin,43.34,3.01,182,no
Amp_MexB_20260826,E,Ampicillin,43.49,3.03,178,no
Amp_MexB_20260826,E,Ampicillin,43.62,3.05,177,no
Amp_MexB_20260826,E,Ampicillin,43.75,3.08,175,no
Amp_MexB_20260826,E,Ampicillin,43.88,3.10,170,no
Amp_MexB_20260826,E,Ampicillin,44.01,3.13,166,no
Amp_MexB_20260826,E,Ampicillin,44.13,3.16,161,no
Amp_MexB_20260826,E,Ampicillin,44.25,3.18,157,no
Amp_MexB_20260826,E,Ampicillin,44.37,3.22,157,no
Amp_MexB_20260826,E,Ampicillin,44.49,3.25,158,no
Amp_MexB_20260826,E,Ampicillin,44.61,3.28,159,no
Amp_MexB_20260826,E,Ampicillin,44.74,3.32,158,no
Amp_MexB_20260826,E,Ampicillin,44.86,3.36,156,no
Amp_MexB_20260826,E,Ampicillin,44.98,3.41,156,no
Amp_MexB_20260826,E,Ampicillin,45.12,3.45,154,no
Amp_MexB_20260826,E,Ampicillin,45.26,3.50,152,no
Amp_MexB_20260826,E,Ampicillin,45.39,3.55,150,no
Amp_MexB_20260826,E,Ampicillin,45.53,3.60,148,no
Amp_MexB_20260826,E,Ampicillin,45.65,3.64,148,no
Amp_MexB_20260826,E,Ampicillin,45.78,3.69,147,no
Amp_MexB_20260826,E,Ampicillin,45.91,3.74,147,no
Amp_MexB_20260826,E,Ampicillin,46.03,3.79,146,no
Amp_MexB_20260826,E,Ampicillin,46.16,3.84,145,no
Amp_MexB_20260826,E,Ampicillin,46.30,3.88,143,no
Amp_MexB_20260826,E,Ampicillin,46.44,3.91,143,no
Amp_MexB_20260826,E,Ampicillin,46.57,3.96,141,no
Amp_MexB_20260826,E,Ampicillin,46.71,4.00,140,no
Amp_MexB_20260826,E,Ampicillin,46.85,4.05,140,no
Amp_MexB_20260826,E,Ampicillin,46.99,4.07,137,no
Amp_MexB_20260826,E,Ampicillin,47.13,4.11,136,no
Amp_MexB_20260826,E,Ampicillin,47.27,4.14,134,no
Amp_MexB_20260826,E,Ampicillin,47.40,4.18,131,no
Amp_MexB_20260826,E,Ampicillin,47.54,4.22,127,no
Amp_MexB_20260826,E,Ampicillin,47.67,4.20,125,no
Amp_MexB_20260826,E,Ampicillin,47.79,4.17,127,no
Amp_MexB_20260826,E,Ampicillin,47.92,4.15,127,no
Amp_MexB_20260826,E,Ampicillin,48.05,4.13,127,no
Amp_MexB_20260826,E,Ampicillin,48.17,4.11,125,no
Amp_MexB_20260826,E,Ampicillin,48.30,4.06,125,no
Amp_MexB_20260826,E,Ampicillin,48.43,4.02,123,no
Amp_MexB_20260826,E,Ampicillin,48.56,3.97,124,no
Amp_MexB_20260826,E,Ampicillin,48.69,3.93,123,no
Amp_MexB_20260826,E,Ampicillin,48.80,3.89,123,no
Amp_MexB_20260826,E,Ampicillin,48.92,3.86,122,no
Amp_MexB_20260826,E,Ampicillin,49.03,3.82,122,no
Amp_MexB_20260826,E,Ampicillin,49.13,3.78,120,no
Amp_MexB_20260826,E,Ampicillin,49.15,3.79,120,no
Amp_MexB_20260826,E,Ampicillin,49.25,3.81,119,no
Amp_MexB_20260826,E,Ampicillin,49.38,3.86,116,no
Amp_MexB_20260826,E,Ampicillin,49.51,3.90,115,no
Amp_MexB_20260826,E,Ampicillin,49.64,3.94,113,no
Amp_MexB_20260826,E,Ampicillin,49.77,3.98,110,no
Amp_MexB_20260826,E,Ampicillin,49.90,4.03,109,no
Amp_MexB_20260826,E,Ampicillin,50.02,4.07,109,no
Amp_MexB_20260826,E,Ampicillin,50.14,4.11,108,no
Amp_MexB_20260826,E,Ampicillin,50.26,4.16,107,no
Amp_MexB_20260826,E,Ampicillin,50.37,4.20,105,no
Amp_MexB_20260826,E,Ampicillin,50.50,4.26,103,no
Amp_MexB_20260826,E,Ampicillin,50.64,4.26,99,no
Amp_MexB_20260826,E,Ampicillin,50.76,4.26,94,no
Amp_MexB_20260826,E,Ampicillin,50.89,4.27,93,no
Amp_MexB_20260826,E,Ampicillin,51.03,4.28,91,no
Amp_MexB_20260826,E,Ampicillin,51.17,4.26,84,no
Amp_MexB_20260826,E,Ampicillin,51.30,4.25,82,no
Amp_MexB_20260826,E,Ampicillin,51.44,4.24,82,no
Amp_MexB_20260826,E,Ampicillin,51.57,4.22,81,no
Amp_MexB_20260826,E,Ampicillin,51.71,4.20,79,no
Amp_MexB_20260826,E,Ampicillin,51.84,4.18,77,no
Amp_MexB_20260826,E,Ampicillin,51.98,4.16,76,no
Amp_MexB_20260826,E,Ampicillin,52.11,4.15,74,no
Amp_MexB_20260826,E,Ampicillin,52.25,4.14,74,no
Amp_MexB_20260826,E,Ampicillin,52.38,4.13,74,no
Amp_MexB_20260826,E,Ampicillin,52.51,4.13,72,no
Amp_MexB_20260826,E,Ampicillin,52.65,4.11,71,no
Amp_MexB_20260826,E,Ampicillin,52.78,4.09,71,no
Amp_MexB_20260826,E,Ampicillin,52.91,4.08,69,no
Amp_MexB_20260826,E,Ampicillin,53.04,4.07,68,no
Amp_MexB_20260826,E,Ampicillin,53.17,4.08,66,no
Amp_MexB_20260826,E,Ampicillin,53.30,4.09,63,no
Amp_MexB_20260826,E,Ampicillin,53.44,4.10,62,no
Amp_MexB_20260826,E,Ampicillin,53.57,4.12,61,no
Amp_MexB_20260826,E,Ampicillin,53.70,4.11,60,no
Amp_MexB_20260826,E,Ampicillin,53.84,4.11,58,no
Amp_MexB_20260826,E,Ampicillin,53.97,4.11,56,no
Amp_MexB_20260826,E,Ampicillin,54.11,4.11,55,no
Amp_MexB_20260826,E,Ampicillin,54.24,4.12,55,no
Amp_MexB_20260826,E,Ampicillin,54.38,4.13,54,no
Amp_MexB_20260826,E,Ampicillin,54.52,4.15,51,no
Amp_MexB_20260826,E,Ampicillin,54.65,4.17,50,no
Amp_MexB_20260826,E,Ampicillin,54.79,4.17,49,no
Amp_MexB_20260826,E,Ampicillin,54.93,4.17,46,no
Amp_MexB_20260826,E,Ampicillin,55.06,4.18,46,no
Amp_MexB_20260826,E,Ampicillin,55.20,4.19,46,no
Amp_MexB_20260826,E,Ampicillin,55.32,4.20,46,no
Amp_MexB_20260826,E,Ampicillin,55.45,4.18,44,no
Amp_MexB_20260826,E,Ampicillin,55.58,4.16,44,no
Amp_MexB_20260826,E,Ampicillin,55.71,4.14,44,no
Amp_MexB_20260826,E,Ampicillin,55.83,4.13,43,no
Amp_MexB_20260826,E,Ampicillin,55.95,4.11,41,no
Amp_MexB_20260826,E,Ampicillin,56.07,4.10,41,no
Amp_MexB_20260826,E,Ampicillin,56.20,4.08,41,no
Amp_MexB_20260826,E,Ampicillin,56.32,4.07,41,no
Amp_MexB_20260826,E,Ampicillin,56.44,4.06,40,no
Amp_MexB_20260826,E,Ampicillin,56.57,4.06,40,no
Amp_MexB_20260826,E,Ampicillin,56.69,4.06,40,no
Amp_MexB_20260826,E,Ampicillin,56.82,4.05,39,no
Amp_MexB_20260826,E,Ampicillin,56.96,4.05,39,no
Amp_MexB_20260826,E,Ampicillin,57.09,4.06,36,no
Amp_MexB_20260826,E,Ampicillin,57.22,4.07,35,no
Amp_MexB_20260826,E,Ampicillin,57.37,4.07,34,no
Amp_MexB_20260826,E,Ampicillin,57.52,4.09,34,no
Amp_MexB_20260826,E,Ampicillin,57.67,4.10,32,no
Amp_MexB_20260826,E,Ampicillin,57.82,4.12,32,no
Amp_MexB_20260826,E,Ampicillin,57.95,4.12,32,no
Amp_MexB_20260826,E,Ampicillin,58.09,4.13,32,no
Amp_MexB_20260826,E,Ampicillin,58.22,4.14,32,no
Amp_MexB_20260826,E,Ampicillin,58.35,4.15,28,no
Amp_MexB_20260826,E,Ampicillin,58.48,4.17,28,no
Amp_MexB_20260826,E,Ampicillin,58.63,4.17,28,no
Amp_MexB_20260826,E,Ampicillin,58.77,4.18,24,no
Amp_MexB_20260826,E,Ampicillin,58.91,4.19,24,no
Amp_MexB_20260826,E,Ampicillin,59.06,4.21,24,no
Amp_MexB_20260826,E,Ampicillin,59.20,4.23,23,no
Amp_MexB_20260826,E,Ampicillin,59.34,4.23,23,no
Amp_MexB_20260826,E,Ampicillin,59.48,4.23,23,no
Amp_MexB_20260826,E,Ampicillin,59.61,4.23,22,no
Amp_MexB_20260826,E,Ampicillin,59.75,4.24,22,no
Amp_MexB_20260826,E,Ampicillin,59.88,4.26,20,no
Amp_MexB_20260826,E,Ampicillin,60.02,4.27,19,no
Amp_MexB_20260826,E,Ampicillin,60.16,4.25,20,no
Amp_MexB_20260826,E,Ampicillin,60.30,4.23,20,no
Amp_MexB_20260826,E,Ampicillin,60.44,4.21,21,no
Amp_MexB_20260826,E,Ampicillin,60.58,4.20,21,no
Amp_MexB_20260826,E,Ampicillin,60.72,4.19,21,no
Amp_MexB_20260826,E,Ampicillin,60.86,4.18,21,no
Amp_MexB_20260826,E,Ampicillin,61.01,4.10,22,no
Amp_MexB_20260826,E,Ampicillin,61.15,4.03,22,no
Amp_MexB_20260826,E,Ampicillin,61.30,3.96,22,no
Amp_MexB_20260826,E,Ampicillin,61.45,3.89,22,no
Amp_MexB_20260826,E,Ampicillin,61.60,3.83,23,no
Amp_MexB_20260826,E,Ampicillin,61.75,3.77,23,no
Amp_MexB_20260826,E,Ampicillin,61.88,3.68,23,no
Amp_MexB_20260826,E,Ampicillin,62.01,3.58,24,no
Amp_MexB_20260826,E,Ampicillin,62.14,3.49,25,no
Amp_MexB_20260826,E,Ampicillin,62.27,3.40,25,no
Amp_MexB_20260826,E,Ampicillin,62.40,3.32,27,no
Amp_MexB_20260826,E,Ampicillin,62.54,3.23,28,no
Amp_MexB_20260826,E,Ampicillin,62.67,3.15,30,no
Amp_MexB_20260826,E,Ampicillin,62.80,3.07,31,no
21FO,B,CYMAL-7,0.00,1.21,226,yes
21FO,B,CYMAL-7,0.27,1.47,228,yes
21FO,B,CYMAL-7,0.54,1.72,222,yes
21FO,B,CYMAL-7,0.81,1.98,226,yes
21FO,B,CYMAL-7,1.08,2.22,226,yes
21FO,B,CYMAL-7,1.36,2.38,226,yes
21FO,B,CYMAL-7,1.64,2.55,219,yes
21FO,B,CYMAL-7,1.90,2.66,219,yes
21FO,B,CYMAL-7,2.16,2.73,221,yes
21FO,B,CYMAL-7,2.43,2.81,219,yes
21FO,B,CYMAL-7,2.69,2.90,216,yes
21FO,B,CYMAL-7,2.95,2.96,210,yes
21FO,B,CYMAL-7,3.21,3.01,211,yes
21FO,B,CYMAL-7,3.47,3.09,213,yes
21FO,B,CYMAL-7,3.73,3.17,216,yes
21FO,B,CYMAL-7,3.99,3.25,220,yes
21FO,B,CYMAL-7,4.25,3.34,217,yes
21FO,B,CYMAL-7,4.50,3.43,221,yes
21FO,B,CYMAL-7,4.76,3.53,221,yes
21FO,B,CYMAL-7,5.02,3.64,224,yes
21FO,B,CYMAL-7,5.28,3.76,231,yes
21FO,B,CYMAL-7,5.56,3.89,233,yes
21FO,B,CYMAL-7,5.86,4.05,238,yes
21FO,B,CYMAL-7,6.16,4.21,242,yes
21FO,B,CYMAL-7,6.45,4.38,245,yes
21FO,B,CYMAL-7,6.74,4.51,249,yes
21FO,B,CYMAL-7,7.03,4.66,247,yes
21FO,B,CYMAL-7,7.32,4.81,254,yes
21FO,B,CYMAL-7,7.59,4.97,255,yes
21FO,B,CYMAL-7,7.87,4.96,259,yes
21FO,B,CYMAL-7,8.15,4.83,260,yes
21FO,B,CYMAL-7,8.45,4.67,261,yes
21FO,B,CYMAL-7,8.75,4.53,268,yes
21FO,B,CYMAL-7,9.05,4.33,269,yes
21FO,B,CYMAL-7,9.34,4.13,272,yes
21FO,B,CYMAL-7,9.58,3.93,271,yes
21FO,B,CYMAL-7,9.81,3.74,272,yes
21FO,B,CYMAL-7,10.07,3.54,270,yes
21FO,B,CYMAL-7,10.32,3.38,272,yes
21FO,B,CYMAL-7,10.57,3.26,268,yes
21FO,B,CYMAL-7,10.84,3.16,267,yes
21FO,B,CYMAL-7,11.11,3.07,268,yes
21FO,B,CYMAL-7,11.36,2.97,265,yes
21FO,B,CYMAL-7,11.60,2.88,265,yes
21FO,B,CYMAL-7,11.84,2.76,269,yes
21FO,B,CYMAL-7,12.10,2.61,271,yes
21FO,B,CYMAL-7,12.37,2.50,271,yes
21FO,B,CYMAL-7,12.63,2.43,275,yes
21FO,B,CYMAL-7,12.89,2.39,283,yes
21FO,B,CYMAL-7,13.14,2.37,287,yes
21FO,B,CYMAL-7,13.39,2.36,289,yes
21FO,B,CYMAL-7,13.64,2.34,290,yes
21FO,B,CYMAL-7,13.90,2.32,289,yes
21FO,B,CYMAL-7,14.15,2.31,289,yes
21FO,B,CYMAL-7,14.39,2.29,289,yes
21FO,B,CYMAL-7,14.65,2.28,288,yes
21FO,B,CYMAL-7,14.93,2.28,288,yes
21FO,B,CYMAL-7,15.23,2.26,286,yes
21FO,B,CYMAL-7,15.25,2.26,287,yes
21FO,B,CYMAL-7,15.47,2.27,286,yes
21FO,B,CYMAL-7,15.74,2.31,288,yes
21FO,B,CYMAL-7,16.01,2.36,290,yes
21FO,B,CYMAL-7,16.28,2.41,294,yes
21FO,B,CYMAL-7,16.56,2.46,295,yes
21FO,B,CYMAL-7,16.83,2.52,296,yes
21FO,B,CYMAL-7,17.11,2.59,291,yes
21FO,B,CYMAL-7,17.38,2.65,295,yes
21FO,B,CYMAL-7,17.64,2.70,296,yes
21FO,B,CYMAL-7,17.89,2.76,289,yes
21FO,B,CYMAL-7,18.15,2.84,283,yes
21FO,B,CYMAL-7,18.42,2.88,285,yes
21FO,B,CYMAL-7,18.69,2.92,281,yes
21FO,B,CYMAL-7,18.95,2.97,280,yes
21FO,B,CYMAL-7,19.22,3.02,285,yes
21FO,B,CYMAL-7,19.49,3.05,285,yes
21FO,B,CYMAL-7,19.75,3.11,287,yes
21FO,B,CYMAL-7,20.02,3.11,289,yes
21FO,B,CYMAL-7,20.28,3.11,290,yes
21FO,B,CYMAL-7,20.54,3.13,289,yes
21FO,B,CYMAL-7,20.80,3.16,296,yes
21FO,B,CYMAL-7,21.07,3.18,299,yes
21FO,B,CYMAL-7,21.36,3.20,297,yes
21FO,B,CYMAL-7,21.64,3.23,297,yes
21FO,B,CYMAL-7,21.91,3.24,299,yes
21FO,B,CYMAL-7,22.20,3.24,296,yes
21FO,B,CYMAL-7,22.48,3.26,296,yes
21FO,B,CYMAL-7,22.73,3.23,290,yes
21FO,B,CYMAL-7,22.97,3.22,285,yes
21FO,B,CYMAL-7,23.23,3.18,285,yes
21FO,B,CYMAL-7,23.53,3.17,285,yes
21FO,B,CYMAL-7,23.75,3.17,283,yes
21FO,B,CYMAL-7,23.99,3.15,281,yes
21FO,B,CYMAL-7,24.26,3.14,278,yes
21FO,B,CYMAL-7,24.55,3.10,277,yes
21FO,B,CYMAL-7,24.85,3.08,273,yes
21FO,B,CYMAL-7,25.12,3.04,268,yes
21FO,B,CYMAL-7,25.40,3.02,263,yes
21FO,B,CYMAL-7,25.66,3.00,267,yes
21FO,B,CYMAL-7,25.92,2.97,269,yes
21FO,B,CYMAL-7,26.18,2.96,264,yes
21FO,B,CYMAL-7,26.42,2.93,268,yes
21FO,B,CYMAL-7,26.66,2.91,265,yes
21FO,B,CYMAL-7,26.91,2.89,263,yes
21FO,B,CYMAL-7,27.16,2.88,256,yes
21FO,B,CYMAL-7,27.41,2.88,253,yes
21FO,B,CYMAL-7,27.66,2.87,250,yes
21FO,B,CYMAL-7,27.91,2.87,250,yes
21FO,B,CYMAL-7,28.16,2.88,251,yes
21FO,B,CYMAL-7,28.41,2.88,250,yes
21FO,B,CYMAL-7,28.65,2.81,247,yes
21FO,B,CYMAL-7,28.90,2.76,243,yes
21FO,B,CYMAL-7,29.15,2.70,250,yes
21FO,B,CYMAL-7,29.40,2.65,247,yes
21FO,B,CYMAL-7,29.66,2.61,245,yes
21FO,B,CYMAL-7,29.91,2.60,244,yes
21FO,B,CYMAL-7,30.17,2.57,243,yes
21FO,B,CYMAL-7,30.43,2.55,243,yes
21FO,B,CYMAL-7,30.69,2.54,244,yes
21FO,B,CYMAL-7,30.95,2.52,241,yes
21FO,B,CYMAL-7,31.21,2.51,239,yes
21FO,B,CYMAL-7,31.51,2.47,236,yes
21FO,B,CYMAL-7,31.81,2.46,237,yes
21FO,B,CYMAL-7,32.06,2.43,237,yes
21FO,B,CYMAL-7,32.30,2.42,236,yes
21FO,B,CYMAL-7,32.54,2.39,234,yes
21FO,B,CYMAL-7,32.78,2.38,233,yes
21FO,B,CYMAL-7,33.03,2.35,231,yes
21FO,B,CYMAL-7,33.33,2.27,229,yes
21FO,B,CYMAL-7,33.62,2.20,230,yes
21FO,B,CYMAL-7,33.89,2.13,233,yes
21FO,B,CYMAL-7,34.16,2.08,232,yes
21FO,B,CYMAL-7,34.43,2.03,232,yes
21FO,B,CYMAL-7,34.69,2.00,235,yes
21FO,B,CYMAL-7,34.93,1.97,230,yes
21FO,B,CYMAL-7,35.18,1.95,232,yes
21FO,B,CYMAL-7,35.45,1.94,232,yes
21FO,B,CYMAL-7,35.75,1.95,228,yes
21FO,B,CYMAL-7,36.04,1.96,227,yes
21FO,B,CYMAL-7,36.33,1.96,227,yes
21FO,B,CYMAL-7,36.62,1.96,226,yes
21FO,B,CYMAL-7,36.92,1.96,229,yes
21FO,B,CYMAL-7,37.19,1.96,228,yes
21FO,B,CYMAL-7,37.45,1.96,225,yes
21FO,B,CYMAL-7,37.71,1.97,227,yes
21FO,B,CYMAL-7,37.97,1.97,229,yes
21FO,B,CYMAL-7,38.25,1.98,230,yes
21FO,B,CYMAL-7,38.53,2.01,227,yes
21FO,B,CYMAL-7,38.82,2.04,226,yes
21FO,B,CYMAL-7,39.11,2.05,228,yes
21FO,B,CYMAL-7,39.40,2.09,230,yes
21FO,B,CYMAL-7,39.68,2.11,226,yes
21FO,B,CYMAL-7,39.96,2.13,231,yes
21FO,B,CYMAL-7,40.23,2.16,237,yes
21FO,B,CYMAL-7,40.50,2.21,234,yes
21FO,B,CYMAL-7,40.77,2.22,234,yes
21FO,B,CYMAL-7,41.04,2.25,239,yes
21FO,B,CYMAL-7,41.31,2.30,239,yes
21FO,B,CYMAL-7,41.59,2.33,241,yes
21FO,B,CYMAL-7,41.89,2.30,246,yes
21FO,B,CYMAL-7,42.18,2.22,245,yes
21FO,B,CYMAL-7,42.45,2.15,246,yes
21FO,B,CYMAL-7,42.71,2.08,247,yes
21FO,B,CYMAL-7,42.97,2.02,246,yes
21FO,B,CYMAL-7,43.23,1.97,249,yes
21FO,B,CYMAL-7,43.51,1.92,249,yes
21FO,B,CYMAL-7,43.79,1.88,251,yes
21FO,B,CYMAL-7,44.07,1.87,255,yes
21FO,B,CYMAL-7,44.34,1.85,257,yes
21FO,B,CYMAL-7,44.60,1.86,258,yes
21FO,B,CYMAL-7,44.86,1.86,259,yes
21FO,B,CYMAL-7,45.16,1.88,262,yes
21FO,B,CYMAL-7,45.42,1.90,262,yes
21FO,B,CYMAL-7,45.67,1.92,264,yes
21FO,B,CYMAL-7,45.92,1.95,271,yes
21FO,B,CYMAL-7,46.19,1.95,275,yes
21FO,B,CYMAL-7,46.45,1.95,281,yes
21FO,B,CYMAL-7,46.71,1.91,285,yes
21FO,B,CYMAL-7,46.96,1.89,286,yes
21FO,B,CYMAL-7,47.21,1.84,281,yes
21FO,B,CYMAL-7,47.46,1.81,281,yes
21FO,B,CYMAL-7,47.71,1.78,281,yes
21FO,B,CYMAL-7,47.98,1.78,290,yes
21FO,B,CYMAL-7,48.24,1.79,290,yes
21FO,B,CYMAL-7,48.54,1.82,290,yes
21FO,B,CYMAL-7,48.84,1.87,292,yes
21FO,B,CYMAL-7,49.12,1.94,292,yes
21FO,B,CYMAL-7,49.38,1.97,291,yes
21FO,B,CYMAL-7,49.65,2.02,295,yes
21FO,B,CYMAL-7,49.92,2.05,297,yes
21FO,B,CYMAL-7,50.19,2.07,298,yes
21FO,B,CYMAL-7,50.47,2.10,295,yes
21FO,B,CYMAL-7,50.74,2.11,293,yes
21FO,B,CYMAL-7,51.04,2.09,293,yes
21FO,B,CYMAL-7,51.33,2.09,296,yes
21FO,B,CYMAL-7,51.59,2.08,302,yes
21FO,B,CYMAL-7,51.85,2.09,303,yes
21FO,B,CYMAL-7,52.12,2.09,306,yes
21FO,B,CYMAL-7,52.38,2.11,306,yes
21FO,B,CYMAL-7,52.65,2.11,307,yes
21FO,B,CYMAL-7,52.92,2.13,306,yes
21FO,B,CYMAL-7,53.19,2.17,308,yes
21FO,B,CYMAL-7,53.47,2.23,309,yes
21FO,B,CYMAL-7,53.77,2.26,306,yes
21FO,B,CYMAL-7,54.06,2.28,301,yes
21FO,B,CYMAL-7,54.35,2.32,298,yes
21FO,B,CYMAL-7,54.64,2.34,297,yes
21FO,B,CYMAL-7,54.94,2.38,296,yes
21FO,B,CYMAL-7,55.21,2.38,290,yes
21FO,B,CYMAL-7,55.48,2.40,293,yes
21FO,B,CYMAL-7,55.74,2.42,286,yes
21FO,B,CYMAL-7,55.98,2.45,288,yes
21FO,B,CYMAL-7,56.22,2.49,288,yes
21FO,B,CYMAL-7,56.46,2.55,282,yes
21FO,B,CYMAL-7,56.71,2.61,282,yes
21FO,B,CYMAL-7,56.94,2.69,282,yes
21FO,B,CYMAL-7,57.18,2.78,282,yes
21FO,B,CYMAL-7,57.44,2.90,285,yes
21FO,B,CYMAL-7,57.71,2.88,288,yes
21FO,B,CYMAL-7,57.95,2.82,292,yes
21FO,B,CYMAL-7,58.21,2.73,299,yes
21FO,B,CYMAL-7,58.50,2.60,295,yes
21FO,B,CYMAL-7,58.76,2.46,298,yes
21FO,B,CYMAL-7,59.03,2.32,297,yes
21FO,B,CYMAL-7,59.30,2.18,303,yes
21FO,B,CYMAL-7,59.57,2.07,302,yes
21FO,B,CYMAL-7,59.83,1.97,306,yes
21FO,B,CYMAL-7,60.10,1.89,311,yes
21FO,B,CYMAL-7,60.37,1.83,313,yes
21FO,B,CYMAL-7,60.65,1.79,314,yes
21FO,B,CYMAL-7,60.92,1.77,314,yes
21FO,B,CYMAL-7,61.20,1.76,317,yes
21FO,B,CYMAL-7,61.48,1.77,318,yes
21FO,B,CYMAL-7,61.76,1.80,319,yes
21FO,B,CYMAL-7,62.02,1.83,317,yes
21FO,B,CYMAL-7,62.28,1.88,317,yes
21FO,B,CYMAL-7,62.54,1.94,315,yes
21FO,B,CYMAL-7,62.84,2.01,316,yes
21FO,B,CYMAL-7,63.14,2.10,316,yes
21FO,B,CYMAL-7,63.40,2.19,317,yes
21FO,B,CYMAL-7,63.65,2.27,320,yes
21FO,B,CYMAL-7,63.89,2.36,320,yes
21FO,B,CYMAL-7,64.14,2.42,320,yes
21FO,B,CYMAL-7,64.39,2.49,318,yes
21FO,B,CYMAL-7,64.66,2.48,320,yes
21FO,B,CYMAL-7,64.93,2.47,318,yes
21FO,B,CYMAL-7,65.18,2.42,322,yes
21FO,B,CYMAL-7,65.44,2.38,315,yes
21FO,B,CYMAL-7,65.74,2.29,314,yes
21FO,B,CYMAL-7,66.03,2.23,323,yes
21FO,B,CYMAL-7,66.31,2.17,316,yes
21FO,B,CYMAL-7,66.59,2.13,315,yes
21FO,B,CYMAL-7,66.85,2.12,310,yes
21FO,B,CYMAL-7,67.11,2.09,305,yes
21FO,B,CYMAL-7,67.38,2.04,307,yes
21FO,B,CYMAL-7,67.64,1.97,312,yes
21FO,B,CYMAL-7,67.91,1.89,310,yes
21FO,B,CYMAL-7,68.18,1.83,309,yes
21FO,B,CYMAL-7,68.43,1.74,308,yes
21FO,B,CYMAL-7,68.68,1.64,303,yes
21FO,B,CYMAL-7,68.94,1.55,298,yes
21FO,B,CYMAL-7,69.19,1.48,296,yes
21FO,B,CYMAL-7,69.45,1.42,294,yes
21FO,B,CYMAL-7,69.71,1.38,293,yes
21FO,B,CYMAL-7,69.97,1.37,290,yes
21FO,B,CYMAL-7,70.26,1.37,289,yes
21FO,B,CYMAL-7,70.56,1.40,291,yes
21FO,B,CYMAL-7,70.85,1.45,284,yes
21FO,B,CYMAL-7,71.13,1.52,278,yes
21FO,B,CYMAL-7,71.41,1.58,275,yes
21FO,B,CYMAL-7,71.68,1.63,274,yes
21FO,B,CYMAL-7,71.93,1.68,277,yes
21FO,B,CYMAL-7,72.18,1.66,276,yes
21FO,B,CYMAL-7,72.45,1.66,275,yes
21FO,B,CYMAL-7,72.73,1.68,273,yes
21FO,B,CYMAL-7,72.98,1.70,271,yes
21FO,B,CYMAL-7,73.24,1.74,271,yes
21FO,B,CYMAL-7,73.51,1.75,265,yes
21FO,B,CYMAL-7,73.79,1.77,263,yes
21FO,B,CYMAL-7,74.08,1.77,257,yes
21FO,B,CYMAL-7,74.37,1.80,254,yes
21FO,B,CYMAL-7,74.67,1.80,246,yes
21FO,B,CYMAL-7,74.97,1.83,243,yes
21FO,B,CYMAL-7,75.25,1.81,231,yes
21FO,B,CYMAL-7,75.53,1.82,228,yes
21FO,B,CYMAL-7,75.79,1.80,224,yes
21FO,B,CYMAL-7,76.06,1.80,216,yes
21FO,B,CYMAL-7,76.32,1.81,214,yes
21FO,B,CYMAL-7,76.57,1.84,215,yes
21FO,B,CYMAL-7,76.86,1.90,214,yes
21FO,B,CYMAL-7,77.14,1.98,214,yes
21FO,B,CYMAL-7,77.42,2.06,211,yes
21FO,B,CYMAL-7,77.69,2.16,207,yes
21FO,B,CYMAL-7,77.97,2.27,201,yes
21FO,B,CYMAL-7,78.25,2.38,202,yes
21FO,B,CYMAL-7,78.52,2.51,196,yes
21FO,B,CYMAL-7,78.79,2.62,197,yes
21FO,B,CYMAL-7,79.05,2.72,198,yes
21FO,B,CYMAL-7,79.31,2.84,194,yes
21FO,B,CYMAL-7,79.57,2.97,195,yes
21FO,B,CYMAL-7,79.85,3.05,193,yes
21FO,B,CYMAL-7,80.13,3.15,192,yes
21FO,B,CYMAL-7,80.41,3.27,189,yes
21FO,B,CYMAL-7,80.69,3.33,185,yes
21FO,B,CYMAL-7,80.97,3.35,188,yes
21FO,B,CYMAL-7,81.25,3.38,188,yes
21FO,B,CYMAL-7,81.54,3.42,189,yes
21FO,B,CYMAL-7,81.80,3.41,186,yes
21FO,B,CYMAL-7,82.07,3.41,183,yes
21FO,B,CYMAL-7,82.33,3.43,182,yes
21FO,B,CYMAL-7,82.59,3.44,184,yes
21FO,B,CYMAL-7,82.86,3.43,186,yes
21FO,B,CYMAL-7,83.13,3.44,182,yes
21FO,B,CYMAL-7,83.39,3.46,183,yes
21FO,B,CYMAL-7,83.66,3.44,186,yes
21FO,B,CYMAL-7,83.92,3.44,184,yes
21FO,B,CYMAL-7,84.18,3.45,189,yes
21FO,B,CYMAL-7,84.46,3.45,193,yes
21FO,B,CYMAL-7,84.74,3.44,191,yes
21FO,B,CYMAL-7,85.03,3.41,192,yes
21FO,B,CYMAL-7,85.32,3.38,195,yes
21FO,B,CYMAL-7,85.60,3.33,194,yes
21FO,B,CYMAL-7,85.89,3.29,191,yes
21FO,B,CYMAL-7,86.11,3.22,195,yes
21FO,B,CYMAL-7,86.34,3.16,197,yes
21FO,B,CYMAL-7,86.54,3.05,200,yes
21FO,B,CYMAL-7,86.76,3.03,203,yes
21FO,B,CYMAL-7,86.98,3.02,208,yes
21FO,B,CYMAL-7,87.27,2.95,204,yes
21FO,B,CYMAL-7,87.56,2.91,204,yes
21FO,B,CYMAL-7,87.83,2.83,204,yes
21FO,B,CYMAL-7,88.10,2.78,200,yes
21FO,B,CYMAL-7,88.37,2.73,196,yes
21FO,B,CYMAL-7,88.66,2.66,194,yes
21FO,B,CYMAL-7,88.95,2.60,196,yes
21FO,B,CYMAL-7,89.24,2.57,198,yes
21FO,B,CYMAL-7,89.50,2.52,194,yes
21FO,B,CYMAL-7,89.77,2.49,198,yes
21FO,B,CYMAL-7,90.03,2.47,203,yes
21FO,B,CYMAL-7,90.31,2.44,205,yes
21FO,B,CYMAL-7,90.59,2.43,203,yes
21FO,B,CYMAL-7,90.89,2.42,205,yes
21FO,B,CYMAL-7,91.04,2.47,204,yes
21FO,B,CYMAL-7,91.31,2.59,198,yes
21FO,B,CYMAL-7,91.61,2.69,194,yes
21FO,B,CYMAL-7,91.89,2.77,193,yes
21FO,B,CYMAL-7,92.16,2.85,186,yes
21FO,B,CYMAL-7,92.42,2.90,185,yes
21FO,B,CYMAL-7,92.67,2.93,186,yes
21FO,B,CYMAL-7,92.90,2.94,184,yes
21FO,B,CYMAL-7,93.10,2.94,181,yes
21FO,B,CYMAL-7,93.22,2.95,182,yes
21FO,B,CYMAL-7,93.49,2.98,179,yes
21FO,B,CYMAL-7,93.76,3.00,178,yes
21FO,B,CYMAL-7,94.02,3.02,173,yes
21FO,B,CYMAL-7,94.27,3.03,167,yes
21FO,B,CYMAL-7,94.52,3.05,165,yes
21FO,B,CYMAL-7,94.79,3.07,164,yes
21FO,B,CYMAL-7,95.08,3.08,162,yes
21FO,B,CYMAL-7,95.38,3.12,161,yes
21FO,B,CYMAL-7,95.67,3.15,161,yes
21FO,B,CYMAL-7,95.95,3.17,159,yes
21FO,B,CYMAL-7,96.23,3.21,160,yes
21FO,B,CYMAL-7,96.51,3.26,161,yes
21FO,B,CYMAL-7,96.79,3.26,161,yes
21FO,B,CYMAL-7,97.07,3.28,169,yes
21FO,B,CYMAL-7,97.35,3.32,168,yes
21FO,B,CYMAL-7,97.61,3.32,169,yes
21FO,B,CYMAL-7,97.87,3.30,172,yes
21FO,B,CYMAL-7,98.13,3.29,174,yes
21FO,B,CYMAL-7,98.39,3.30,180,yes
21FO,B,CYMAL-7,98.65,3.23,185,yes
21FO,B,CYMAL-7,98.91,3.18,191,yes
21FO,B,CYMAL-7,99.17,3.14,192,yes
21FO,B,CYMAL-7,99.43,3.10,194,yes
21FO,B,CYMAL-7,99.71,3.05,202,yes
21FO,B,CYMAL-7,99.99,3.02,205,yes
21FO,B,CYMAL-7,100.26,3.00,211,yes
21FO,B,CYMAL-7,100.52,2.90,211,yes
21FO,B,CYMAL-7,100.77,2.81,216,yes
21FO,B,CYMAL-7,101.03,2.72,221,yes
21FO,B,CYMAL-7,101.28,2.67,223,yes
21FO,B,CYMAL-7,101.53,2.62,228,yes
21FO,B,CYMAL-7,101.76,2.56,228,yes
21FO,B,CYMAL-7,101.98,2.48,229,yes
21FO,B,CYMAL-7,102.24,2.39,233,yes
21FO,B,CYMAL-7,102.49,2.32,238,yes
21FO,B,CYMAL-7,102.67,2.27,237,yes
21FO,B,CYMAL-7,102.87,2.32,238,yes
21FO,B,CYMAL-7,103.17,2.42,232,yes
21FO,B,CYMAL-7,103.45,2.51,229,yes
21FO,B,CYMAL-7,103.71,2.59,227,yes
21FO,B,CYMAL-7,103.97,2.69,225,yes
21FO,B,CYMAL-7,104.23,2.78,222,yes
21FO,B,CYMAL-7,104.48,2.89,224,yes
21FO,B,CYMAL-7,104.74,2.95,219,yes
21FO,B,CYMAL-7,105.03,2.95,216,yes
21FO,B,CYMAL-7,105.33,2.97,216,yes
21FO,B,CYMAL-7,105.62,3.01,221,yes
21FO,B,CYMAL-7,105.90,2.99,224,yes
21FO,B,CYMAL-7,106.18,2.99,224,yes
21FO,B,CYMAL-7,106.46,3.00,225,yes
21FO,B,CYMAL-7,106.74,3.00,226,yes
21FO,B,CYMAL-7,107.02,2.97,226,yes
21FO,B,CYMAL-7,107.30,2.97,228,yes
21FO,B,CYMAL-7,107.58,2.98,226,yes
21FO,B,CYMAL-7,107.85,2.93,226,yes
21FO,B,CYMAL-7,108.11,2.90,227,yes
21FO,B,CYMAL-7,108.37,2.87,233,yes
21FO,B,CYMAL-7,108.64,2.83,231,yes
21FO,B,CYMAL-7,108.92,2.78,225,yes
21FO,B,CYMAL-7,109.20,2.74,222,yes
21FO,B,CYMAL-7,109.48,2.69,215,yes
21FO,B,CYMAL-7,109.76,2.63,211,yes
21FO,B,CYMAL-7,110.04,2.59,208,yes
21FO,B,CYMAL-7,110.32,2.55,205,yes
21FO,B,CYMAL-7,110.60,2.52,206,yes
21FO,B,CYMAL-7,110.88,2.50,207,yes
21FO,B,CYMAL-7,111.16,2.46,206,yes
21FO,B,CYMAL-7,111.44,2.38,206,yes
21FO,B,CYMAL-7,111.73,2.33,211,yes
21FO,B,CYMAL-7,112.00,2.27,206,yes
21FO,B,CYMAL-7,112.27,2.19,197,yes
21FO,B,CYMAL-7,112.54,2.13,196,yes
21FO,B,CYMAL-7,112.81,2.03,194,yes
21FO,B,CYMAL-7,113.10,1.91,192,yes
21FO,B,CYMAL-7,113.38,1.82,190,yes
21FO,B,CYMAL-7,113.67,1.75,187,yes
21FO,B,CYMAL-7,113.94,1.69,185,yes
21FO,B,CYMAL-7,114.20,1.63,184,yes
21FO,B,CYMAL-7,114.46,1.59,181,yes
21FO,B,CYMAL-7,114.72,1.57,185,yes
21FO,B,CYMAL-7,114.99,1.54,186,yes
21FO,B,CYMAL-7,115.26,1.53,191,yes
21FO,B,CYMAL-7,115.53,1.54,191,yes
21FO,B,CYMAL-7,115.81,1.56,198,yes
21FO,B,CYMAL-7,116.08,1.59,203,yes
21FO,B,CYMAL-7,116.36,1.58,210,yes
21FO,B,CYMAL-7,116.64,1.58,213,yes
21FO,B,CYMAL-7,116.91,1.60,214,yes
21FO,B,CYMAL-7,117.20,1.60,217,yes
21FO,B,CYMAL-7,117.50,1.59,218,yes
21FO,B,CYMAL-7,117.79,1.61,219,yes
21FO,B,CYMAL-7,118.09,1.64,219,yes
21FO,B,CYMAL-7,118.39,1.67,217,yes
21FO,B,CYMAL-7,118.67,1.71,226,yes
21FO,B,CYMAL-7,118.93,1.76,230,yes
21FO,B,CYMAL-7,119.19,1.81,233,yes
21FO,B,CYMAL-7,119.47,1.87,232,yes
21FO,B,CYMAL-7,119.74,1.92,231,yes
21FO,B,CYMAL-7,119.99,1.98,233,yes
21FO,B,CYMAL-7,120.24,2.05,230,yes
21FO,B,CYMAL-7,120.52,2.10,227,yes
21FO,B,CYMAL-7,120.79,2.18,223,yes
21FO,B,CYMAL-7,121.07,2.23,217,yes
21FO,B,CYMAL-7,121.37,2.28,210,yes
21FO,B,CYMAL-7,121.67,2.34,204,yes
21FO,B,CYMAL-7,121.92,2.35,202,yes
21FO,B,CYMAL-7,122.18,2.37,200,no
21FO,B,CYMAL-7,122.43,2.40,196,no
21FO,B,CYMAL-7,122.71,2.38,195,no
21FO,B,CYMAL-7,122.98,2.39,187,no
21FO,B,CYMAL-7,123.25,2.40,183,no
21FO,B,CYMAL-7,123.54,2.40,182,no
21FO,B,CYMAL-7,123.83,2.42,176,no
21FO,B,CYMAL-7,124.12,2.46,167,no
21FO,B,CYMAL-7,124.40,2.47,166,no
21FO,B,CYMAL-7,124.68,2.49,164,no
21FO,B,CYMAL-7,124.96,2.54,160,no
21FO,B,CYMAL-7,125.23,2.54,158,no
21FO,B,CYMAL-7,125.49,2.56,148,no
21FO,B,CYMAL-7,125.76,2.59,146,no
21FO,B,CYMAL-7,126.01,2.57,144,no
21FO,B,CYMAL-7,126.27,2.57,141,no
21FO,B,CYMAL-7,126.52,2.58,139,no
21FO,B,CYMAL-7,126.79,2.57,138,no
21FO,B,CYMAL-7,127.06,2.57,134,no
21FO,B,CYMAL-7,127.34,2.58,132,no
21FO,B,CYMAL-7,127.63,2.59,134,no
21FO,B,CYMAL-7,127.90,2.63,133,no
21FO,B,CYMAL-7,128.14,2.65,133,no
21FO,B,CYMAL-7,128.40,2.63,132,no
21FO,B,CYMAL-7,128.67,2.62,133,no
21FO,B,CYMAL-7,128.89,2.61,133,no
21FO,B,CYMAL-7,129.14,2.63,133,no
21FO,B,CYMAL-7,129.39,2.68,131,no
21FO,B,CYMAL-7,129.60,2.74,128,no
21FO,B,CYMAL-7,129.88,2.77,124,no
21FO,B,CYMAL-7,130.17,2.78,124,no
21FO,B,CYMAL-7,130.47,2.77,123,no
21FO,B,CYMAL-7,130.74,2.76,120,no
21FO,B,CYMAL-7,130.99,2.74,117,no
21FO,B,CYMAL-7,131.24,2.73,113,no
21FO,B,CYMAL-7,131.51,2.71,113,no
21FO,B,CYMAL-7,131.80,2.71,111,no
21FO,B,CYMAL-7,132.10,2.71,110,no
21FO,B,CYMAL-7,132.37,2.72,107,no
21FO,B,CYMAL-7,132.64,2.73,106,no
21FO,B,CYMAL-7,132.91,2.75,105,no
21FO,B,CYMAL-7,133.18,2.79,104,no
21FO,B,CYMAL-7,133.46,2.79,105,no
21FO,B,CYMAL-7,133.73,2.81,104,no
21FO,B,CYMAL-7,134.01,2.84,105,no
21FO,B,CYMAL-7,134.29,2.87,104,no
21FO,B,CYMAL-7,134.57,2.88,104,no
21FO,B,CYMAL-7,134.85,2.91,103,no
21FO,B,CYMAL-7,135.14,2.96,103,no
21FO,B,CYMAL-7,135.41,2.97,108,no
21FO,B,CYMAL-7,135.68,2.99,107,no
21FO,B,CYMAL-7,135.95,3.03,109,no
21FO,B,CYMAL-7,136.23,3.07,113,no
21FO,B,CYMAL-7,136.50,3.09,115,no
21FO,B,CYMAL-7,136.78,3.13,115,no
21FO,B,CYMAL-7,137.05,3.16,118,no
21FO,B,CYMAL-7,137.34,3.19,118,no
21FO,B,CYMAL-7,137.62,3.19,116,no
21FO,B,CYMAL-7,137.91,3.17,117,no
21FO,B,CYMAL-7,138.19,3.16,116,no
21FO,B,CYMAL-7,138.47,3.14,114,no
21FO,B,CYMAL-7,138.75,3.15,110,no
21FO,B,CYMAL-7,139.03,3.14,105,no
21FO,B,CYMAL-7,139.32,3.14,105,no
21FO,B,CYMAL-7,139.60,3.15,103,no
21FO,B,CYMAL-7,139.89,3.18,97,no
21FO,B,CYMAL-7,140.17,3.22,96,no
21FO,B,CYMAL-7,140.46,3.22,94,no
21FO,B,CYMAL-7,140.75,3.25,96,no
21FO,B,CYMAL-7,141.04,3.28,97,no
21FO,B,CYMAL-7,141.32,3.31,97,no
21FO,B,CYMAL-7,141.60,3.36,95,no
21FO,B,CYMAL-7,141.88,3.38,95,no
21FO,B,CYMAL-7,142.16,3.41,94,no
21FO,B,CYMAL-7,142.43,3.45,93,no
21FO,B,CYMAL-7,142.69,3.49,93,no
21FO,B,CYMAL-7,142.95,3.55,91,no
21FO,B,CYMAL-7,143.20,3.61,90,no
21FO,B,CYMAL-7,143.45,3.66,88,no
21FO,B,CYMAL-7,143.70,3.61,85,no
21FO,B,CYMAL-7,143.97,3.57,86,no
21FO,B,CYMAL-7,144.24,3.54,88,no
21FO,B,CYMAL-7,144.54,3.51,85,no
21FO,B,CYMAL-7,144.83,3.49,83,no
21FO,B,CYMAL-7,145.13,3.46,85,no
21FO,B,CYMAL-7,145.42,3.43,84,no
21FO,B,CYMAL-7,145.71,3.41,87,no
21FO,B,CYMAL-7,146.00,3.39,88,no
21FO,B,CYMAL-7,146.27,3.36,92,no
21FO,B,CYMAL-7,146.54,3.34,94,no
21FO,B,CYMAL-7,146.82,3.34,96,no
21FO,B,CYMAL-7,147.10,3.32,99,no
21FO,B,CYMAL-7,147.39,3.32,100,no
21FO,B,CYMAL-7,147.67,3.33,102,no
21FO,B,CYMAL-7,147.95,3.32,103,no
21FO,B,CYMAL-7,148.22,3.30,103,no
21FO,B,CYMAL-7,148.49,3.29,105,no
21FO,B,CYMAL-7,148.76,3.30,107,no
21FO,B,CYMAL-7,149.02,3.29,107,no
21FO,B,CYMAL-7,149.28,3.30,107,no
21FO,B,CYMAL-7,149.54,3.33,103,no
21FO,B,CYMAL-7,149.81,3.35,101,no
21FO,B,CYMAL-7,150.08,3.37,100,no
21FO,B,CYMAL-7,150.36,3.41,100,no
21FO,B,CYMAL-7,150.63,3.47,99,no
21FO,B,CYMAL-7,150.91,3.48,97,no
21FO,B,CYMAL-7,151.19,3.51,91,no
21FO,B,CYMAL-7,151.46,3.56,92,no
21FO,B,CYMAL-7,151.74,3.58,91,no
21FO,B,CYMAL-7,152.01,3.57,92,no
21FO,B,CYMAL-7,152.29,3.57,95,no
21FO,B,CYMAL-7,152.57,3.58,98,no
21FO,B,CYMAL-7,152.84,3.51,101,no
21FO,B,CYMAL-7,153.10,3.46,102,no
21FO,B,CYMAL-7,153.37,3.43,104,no
21FO,B,CYMAL-7,153.64,3.40,105,no
21FP,B,Chloramphenicol,0.00,2.01,271,yes
21FP,B,Chloramphenicol,0.13,2.08,273,yes
21FP,B,Chloramphenicol,0.26,2.16,273,yes
21FP,B,Chloramphenicol,0.39,2.24,269,yes
21FP,B,Chloramphenicol,0.52,2.33,267,yes
21FP,B,Chloramphenicol,0.65,2.41,268,yes
21FP,B,Chloramphenicol,0.78,2.50,267,yes
21FP,B,Chloramphenicol,0.91,2.59,264,yes
21FP,B,Chloramphenicol,1.04,2.64,268,yes
21FP,B,Chloramphenicol,1.17,2.70,268,yes
21FP,B,Chloramphenicol,1.30,2.76,268,yes
21FP,B,Chloramphenicol,1.44,2.83,272,yes
21FP,B,Chloramphenicol,1.57,2.89,271,yes
21FP,B,Chloramphenicol,1.70,2.96,268,yes
21FP,B,Chloramphenicol,1.85,2.99,271,yes
21FP,B,Chloramphenicol,1.99,3.02,277,yes
21FP,B,Chloramphenicol,2.13,3.06,273,yes
21FP,B,Chloramphenicol,2.28,3.09,274,yes
21FP,B,Chloramphenicol,2.42,3.11,278,yes
21FP,B,Chloramphenicol,2.57,3.13,275,yes
21FP,B,Chloramphenicol,2.69,3.15,276,yes
21FP,B,Chloramphenicol,2.82,3.16,276,yes
21FP,B,Chloramphenicol,2.95,3.18,279,yes
21FP,B,Chloramphenicol,3.08,3.20,280,yes
21FP,B,Chloramphenicol,3.21,3.23,280,yes
21FP,B,Chloramphenicol,3.34,3.26,280,yes
21FP,B,Chloramphenicol,3.48,3.28,279,yes
21FP,B,Chloramphenicol,3.62,3.26,280,yes
21FP,B,Chloramphenicol,3.76,3.22,282,yes
21FP,B,Chloramphenicol,3.91,3.18,282,yes
21FP,B,Chloramphenicol,4.06,3.14,280,yes
21FP,B,Chloramphenicol,4.21,3.10,277,yes
21FP,B,Chloramphenicol,4.35,3.07,278,yes
21FP,B,Chloramphenicol,4.50,3.03,275,yes
21FP,B,Chloramphenicol,4.64,3.00,277,yes
21FP,B,Chloramphenicol,4.78,2.97,276,yes
21FP,B,Chloramphenicol,4.92,2.95,277,yes
21FP,B,Chloramphenicol,5.05,2.93,276,yes
21FP,B,Chloramphenicol,5.18,2.92,276,yes
21FP,B,Chloramphenicol,5.31,2.90,278,yes
21FP,B,Chloramphenicol,5.44,2.90,278,yes
21FP,B,Chloramphenicol,5.56,2.89,276,yes
21FP,B,Chloramphenicol,5.71,2.90,275,yes
21FP,B,Chloramphenicol,5.86,2.90,272,yes
21FP,B,Chloramphenicol,6.01,2.91,271,yes
21FP,B,Chloramphenicol,6.14,2.92,273,yes
21FP,B,Chloramphenicol,6.28,2.93,275,yes
21FP,B,Chloramphenicol,6.41,2.94,274,yes
21FP,B,Chloramphenicol,6.54,2.95,274,yes
21FP,B,Chloramphenicol,6.68,2.96,273,yes
21FP,B,Chloramphenicol,6.82,2.98,277,yes
21FP,B,Chloramphenicol,6.95,2.99,281,yes
21FP,B,Chloramphenicol,7.09,3.01,277,yes
21FP,B,Chloramphenicol,7.23,3.01,277,yes
21FP,B,Chloramphenicol,7.36,3.01,280,yes
21FP,B,Chloramphenicol,7.49,3.01,280,yes
21FP,B,Chloramphenicol,7.63,3.01,281,yes
21FP,B,Chloramphenicol,7.76,2.99,284,yes
21FP,B,Chloramphenicol,7.89,2.97,283,yes
21FP,B,Chloramphenicol,8.03,2.96,285,yes
21FP,B,Chloramphenicol,8.16,2.95,284,yes
21FP,B,Chloramphenicol,8.31,2.91,284,yes
21FP,B,Chloramphenicol,8.45,2.88,280,yes
21FP,B,Chloramphenicol,8.60,2.85,278,yes
21FP,B,Chloramphenicol,8.73,2.83,283,yes
21FP,B,Chloramphenicol,8.85,2.81,286,yes
21FP,B,Chloramphenicol,8.98,2.79,288,yes
21FP,B,Chloramphenicol,9.12,2.79,294,yes
21FP,B,Chloramphenicol,9.25,2.79,291,yes
21FP,B,Chloramphenicol,9.39,2.79,290,yes
21FP,B,Chloramphenicol,9.52,2.81,290,yes
21FP,B,Chloramphenicol,9.66,2.84,292,yes
21FP,B,Chloramphenicol,9.79,2.86,291,yes
21FP,B,Chloramphenicol,9.92,2.91,286,yes
21FP,B,Chloramphenicol,10.05,2.96,288,yes
21FP,B,Chloramphenicol,10.18,3.01,290,yes
21FP,B,Chloramphenicol,10.33,3.02,286,yes
21FP,B,Chloramphenicol,10.47,3.03,285,yes
21FP,B,Chloramphenicol,10.62,3.05,283,yes
21FP,B,Chloramphenicol,10.76,3.03,277,yes
21FP,B,Chloramphenicol,10.91,3.01,277,yes
21FP,B,Chloramphenicol,11.06,3.01,275,yes
21FP,B,Chloramphenicol,11.21,3.00,277,yes
21FP,B,Chloramphenicol,11.34,2.97,277,yes
21FP,B,Chloramphenicol,11.48,2.94,268,yes
21FP,B,Chloramphenicol,11.61,2.92,265,yes
21FP,B,Chloramphenicol,11.75,2.90,267,yes
21FP,B,Chloramphenicol,11.88,2.89,264,yes
21FP,B,Chloramphenicol,12.01,2.88,263,yes
21FP,B,Chloramphenicol,12.13,2.87,261,yes
21FP,B,Chloramphenicol,12.26,2.87,262,yes
21FP,B,Chloramphenicol,12.39,2.86,264,yes
21FP,B,Chloramphenicol,12.51,2.86,263,yes
21FP,B,Chloramphenicol,12.66,2.85,264,yes
21FP,B,Chloramphenicol,12.81,2.84,263,yes
21FP,B,Chloramphenicol,12.96,2.84,262,yes
21FP,B,Chloramphenicol,13.11,2.84,264,yes
21FP,B,Chloramphenicol,13.23,2.85,260,yes
21FP,B,Chloramphenicol,13.36,2.85,263,yes
21FP,B,Chloramphenicol,13.48,2.86,262,yes
21FP,B,Chloramphenicol,13.60,2.87,262,yes
21FP,B,Chloramphenicol,13.73,2.88,262,yes
21FP,B,Chloramphenicol,13.86,2.88,264,yes
21FP,B,Chloramphenicol,14.00,2.88,263,yes
21FP,B,Chloramphenicol,14.14,2.89,265,yes
21FP,B,Chloramphenicol,14.27,2.90,264,yes
21FP,B,Chloramphenicol,14.41,2.92,267,yes
21FP,B,Chloramphenicol,14.54,2.92,267,yes
21FP,B,Chloramphenicol,14.66,2.93,270,yes
21FP,B,Chloramphenicol,14.79,2.94,267,yes
21FP,B,Chloramphenicol,14.92,2.96,268,yes
21FP,B,Chloramphenicol,15.05,2.98,269,yes
21FP,B,Chloramphenicol,15.18,3.00,268,yes
21FP,B,Chloramphenicol,15.32,3.01,266,yes
21FP,B,Chloramphenicol,15.47,3.03,268,yes
21FP,B,Chloramphenicol,15.61,3.06,273,yes
21FP,B,Chloramphenicol,15.76,3.08,274,yes
21FP,B,Chloramphenicol,15.90,3.12,272,yes
21FP,B,Chloramphenicol,16.05,3.15,269,yes
21FP,B,Chloramphenicol,16.18,3.21,271,yes
21FP,B,Chloramphenicol,16.32,3.24,269,yes
21FP,B,Chloramphenicol,16.46,3.26,269,yes
21FP,B,Chloramphenicol,16.60,3.29,268,yes
21FP,B,Chloramphenicol,16.74,3.32,269,yes
21FP,B,Chloramphenicol,16.88,3.35,264,yes
21FP,B,Chloramphenicol,17.03,3.34,261,yes
21FP,B,Chloramphenicol,17.18,3.33,260,yes
21FP,B,Chloramphenicol,17.32,3.33,258,yes
21FP,B,Chloramphenicol,17.47,3.32,256,yes
21FP,B,Chloramphenicol,17.62,3.32,252,yes
21FP,B,Chloramphenicol,17.77,3.27,252,yes
21FP,B,Chloramphenicol,17.92,3.24,248,yes
21FP,B,Chloramphenicol,18.07,3.20,246,yes
21FP,B,Chloramphenicol,18.22,3.16,244,yes
21FP,B,Chloramphenicol,18.37,3.12,239,yes
21FP,B,Chloramphenicol,18.50,3.08,240,yes
21FP,B,Chloramphenicol,18.64,3.04,242,yes
21FP,B,Chloramphenicol,18.77,3.00,246,yes
21FP,B,Chloramphenicol,18.91,2.97,247,yes
21FP,B,Chloramphenicol,19.05,2.93,243,yes
21FP,B,Chloramphenicol,19.18,2.91,244,yes
21FP,B,Chloramphenicol,19.32,2.88,246,yes
21FP,B,Chloramphenicol,19.45,2.85,246,yes
21FP,B,Chloramphenicol,19.59,2.82,246,yes
21FP,B,Chloramphenicol,19.71,2.78,245,yes
21FP,B,Chloramphenicol,19.82,2.75,249,yes
21FP,B,Chloramphenicol,19.94,2.72,250,yes
21FP,B,Chloramphenicol,20.06,2.69,251,yes
21FP,B,Chloramphenicol,20.18,2.65,250,yes
21FP,B,Chloramphenicol,20.29,2.62,252,yes
21FP,B,Chloramphenicol,20.41,2.59,252,yes
21FP,B,Chloramphenicol,20.53,2.56,255,yes
21FP,B,Chloramphenicol,20.66,2.53,254,yes
21FP,B,Chloramphenicol,20.79,2.50,252,yes
21FP,B,Chloramphenicol,20.92,2.47,250,yes
21FP,B,Chloramphenicol,21.05,2.45,252,yes
21FP,B,Chloramphenicol,21.19,2.44,251,yes
21FP,B,Chloramphenicol,21.34,2.43,248,yes
21FP,B,Chloramphenicol,21.49,2.42,251,yes
21FP,B,Chloramphenicol,21.64,2.42,251,yes
21FP,B,Chloramphenicol,21.77,2.43,252,yes
21FP,B,Chloramphenicol,21.91,2.44,251,yes
21FP,B,Chloramphenicol,22.05,2.46,250,yes
21FP,B,Chloramphenicol,22.19,2.48,251,yes
21FP,B,Chloramphenicol,22.33,2.50,255,yes
21FP,B,Chloramphenicol,22.46,2.54,254,yes
21FP,B,Chloramphenicol,22.59,2.56,256,yes
21FP,B,Chloramphenicol,22.73,2.58,256,yes
21FP,B,Chloramphenicol,22.86,2.61,258,yes
21FP,B,Chloramphenicol,22.99,2.64,255,yes
21FP,B,Chloramphenicol,23.12,2.68,256,yes
21FP,B,Chloramphenicol,23.25,2.69,256,yes
21FP,B,Chloramphenicol,23.37,2.70,254,yes
21FP,B,Chloramphenicol,23.50,2.72,255,yes
21FP,B,Chloramphenicol,23.63,2.73,254,yes
21FP,B,Chloramphenicol,23.76,2.76,255,yes
21FP,B,Chloramphenicol,23.88,2.78,252,yes
21FP,B,Chloramphenicol,24.01,2.77,251,yes
21FP,B,Chloramphenicol,24.14,2.76,249,yes
21FP,B,Chloramphenicol,24.27,2.75,245,yes
21FP,B,Chloramphenicol,24.40,2.75,244,yes
21FP,B,Chloramphenicol,24.53,2.75,244,yes
21FP,B,Chloramphenicol,24.66,2.76,241,yes
21FP,B,Chloramphenicol,24.80,2.73,241,yes
21FP,B,Chloramphenicol,24.94,2.70,238,yes
21FP,B,Chloramphenicol,25.08,2.68,240,yes
21FP,B,Chloramphenicol,25.22,2.67,240,yes
21FP,B,Chloramphenicol,25.35,2.65,238,yes
21FP,B,Chloramphenicol,25.49,2.64,237,yes
21FP,B,Chloramphenicol,25.62,2.62,238,yes
21FP,B,Chloramphenicol,25.75,2.61,237,yes
21FP,B,Chloramphenicol,25.87,2.59,236,yes
21FP,B,Chloramphenicol,26.00,2.58,236,yes
21FP,B,Chloramphenicol,26.13,2.58,238,yes
21FP,B,Chloramphenicol,26.25,2.57,242,yes
21FP,B,Chloramphenicol,26.39,2.57,241,yes
21FP,B,Chloramphenicol,26.52,2.57,237,yes
21FP,B,Chloramphenicol,26.65,2.58,238,yes
21FP,B,Chloramphenicol,26.79,2.59,240,yes
21FP,B,Chloramphenicol,26.92,2.60,236,yes
21FP,B,Chloramphenicol,27.04,2.61,236,yes
21FP,B,Chloramphenicol,27.16,2.62,237,yes
21FP,B,Chloramphenicol,27.28,2.63,239,yes
21FP,B,Chloramphenicol,27.41,2.64,235,yes
21FP,B,Chloramphenicol,27.53,2.66,234,yes
21FP,B,Chloramphenicol,27.65,2.66,232,yes
21FP,B,Chloramphenicol,27.78,2.67,230,yes
21FP,B,Chloramphenicol,27.90,2.68,225,yes
21FP,B,Chloramphenicol,28.02,2.70,224,yes
21FP,B,Chloramphenicol,28.14,2.71,224,yes
21FP,B,Chloramphenicol,28.29,2.70,228,yes
21FP,B,Chloramphenicol,28.43,2.70,228,yes
21FP,B,Chloramphenicol,28.57,2.71,230,yes
21FP,B,Chloramphenicol,28.71,2.72,231,yes
21FP,B,Chloramphenicol,28.83,2.69,230,yes
21FP,B,Chloramphenicol,28.96,2.67,227,yes
21FP,B,Chloramphenicol,29.09,2.65,226,yes
21FP,B,Chloramphenicol,29.21,2.63,230,yes
21FP,B,Chloramphenicol,29.35,2.62,227,yes
21FP,B,Chloramphenicol,29.49,2.59,228,yes
21FP,B,Chloramphenicol,29.63,2.56,230,yes
21FP,B,Chloramphenicol,29.77,2.54,230,yes
21FP,B,Chloramphenicol,29.91,2.52,231,yes
21FP,B,Chloramphenicol,30.05,2.49,233,yes
21FP,B,Chloramphenicol,30.20,2.46,233,yes
21FP,B,Chloramphenicol,30.34,2.43,234,yes
21FP,B,Chloramphenicol,30.49,2.41,232,yes
21FP,B,Chloramphenicol,30.63,2.38,233,yes
21FP,B,Chloramphenicol,30.77,2.36,234,yes
21FP,B,Chloramphenicol,30.90,2.35,233,yes
21FP,B,Chloramphenicol,31.03,2.35,232,yes
21FP,B,Chloramphenicol,31.16,2.35,232,yes
21FP,B,Chloramphenicol,31.29,2.35,232,yes
21FP,B,Chloramphenicol,31.44,2.37,233,yes
21FP,B,Chloramphenicol,31.59,2.38,229,yes
21FP,B,Chloramphenicol,31.74,2.40,231,yes
21FP,B,Chloramphenicol,31.88,2.42,234,yes
21FP,B,Chloramphenicol,32.02,2.42,232,yes
21FP,B,Chloramphenicol,32.15,2.43,230,yes
21FP,B,Chloramphenicol,32.29,2.45,228,yes
21FP,B,Chloramphenicol,32.42,2.46,230,yes
21FP,B,Chloramphenicol,32.57,2.47,231,yes
21FP,B,Chloramphenicol,32.72,2.48,233,yes
21FP,B,Chloramphenicol,32.86,2.50,235,yes
21FP,B,Chloramphenicol,33.01,2.52,234,yes
21FP,B,Chloramphenicol,33.15,2.52,237,yes
21FP,B,Chloramphenicol,33.30,2.53,243,yes
21FP,B,Chloramphenicol,33.44,2.55,244,yes
21FP,B,Chloramphenicol,33.58,2.56,245,yes
21FP,B,Chloramphenicol,33.70,2.57,247,yes
21FP,B,Chloramphenicol,33.82,2.58,251,yes
21FP,B,Chloramphenicol,33.94,2.59,249,yes
21FP,B,Chloramphenicol,34.06,2.60,252,yes
21FP,B,Chloramphenicol,34.18,2.61,252,yes
21FP,B,Chloramphenicol,34.31,2.62,249,yes
21FP,B,Chloramphenicol,34.44,2.63,247,yes
21FP,B,Chloramphenicol,34.58,2.65,247,yes
21FP,B,Chloramphenicol,34.70,2.66,248,yes
21FP,B,Chloramphenicol,34.84,2.69,246,yes
21FP,B,Chloramphenicol,34.98,2.70,248,yes
21FP,B,Chloramphenicol,35.11,2.73,249,yes
21FP,B,Chloramphenicol,35.25,2.75,251,yes
21FP,B,Chloramphenicol,35.39,2.79,252,yes
21FP,B,Chloramphenicol,35.53,2.82,254,yes
21FP,B,Chloramphenicol,35.67,2.87,256,yes
21FP,B,Chloramphenicol,35.82,2.91,257,yes
21FP,B,Chloramphenicol,35.96,2.95,256,yes
21FP,B,Chloramphenicol,36.10,2.99,253,yes
21FP,B,Chloramphenicol,36.24,3.03,253,yes
21FP,B,Chloramphenicol,36.39,3.06,256,yes
21FP,B,Chloramphenicol,36.53,3.09,254,yes
21FP,B,Chloramphenicol,36.68,3.13,255,yes
21FP,B,Chloramphenicol,36.82,3.17,253,yes
21FP,B,Chloramphenicol,36.97,3.21,255,yes
21FP,B,Chloramphenicol,37.10,3.25,258,yes
21FP,B,Chloramphenicol,37.24,3.29,258,yes
21FP,B,Chloramphenicol,37.38,3.33,258,yes
21FP,B,Chloramphenicol,37.51,3.38,258,yes
21FP,B,Chloramphenicol,37.65,3.43,257,yes
21FP,B,Chloramphenicol,37.78,3.47,257,yes
21FP,B,Chloramphenicol,37.90,3.50,257,yes
21FP,B,Chloramphenicol,38.03,3.54,257,yes
21FP,B,Chloramphenicol,38.15,3.58,255,yes
21FP,B,Chloramphenicol,38.28,3.61,254,yes
21FP,B,Chloramphenicol,38.42,3.66,255,yes
21FP,B,Chloramphenicol,38.57,3.71,253,yes
21FP,B,Chloramphenicol,38.71,3.76,257,yes
21FP,B,Chloramphenicol,38.86,3.81,257,yes
21FP,B,Chloramphenicol,38.99,3.83,254,yes
21FP,B,Chloramphenicol,39.13,3.86,255,yes
21FP,B,Chloramphenicol,39.26,3.88,257,yes
21FP,B,Chloramphenicol,39.39,3.92,261,yes
21FP,B,Chloramphenicol,39.53,3.93,267,yes
21FP,B,Chloramphenicol,39.67,3.94,267,yes
21FP,B,Chloramphenicol,39.81,3.96,266,yes
21FP,B,Chloramphenicol,39.95,3.98,267,yes
21FP,B,Chloramphenicol,40.09,3.99,269,yes
21FP,B,Chloramphenicol,40.23,3.99,269,yes
21FP,B,Chloramphenicol,40.37,4.00,270,yes
21FP,B,Chloramphenicol,40.51,4.02,273,yes
21FP,B,Chloramphenicol,40.64,4.01,272,yes
21FP,B,Chloramphenicol,40.76,4.01,273,yes
21FP,B,Chloramphenicol,40.89,4.02,273,yes
21FP,B,Chloramphenicol,41.02,4.02,276,yes
21FP,B,Chloramphenicol,41.15,4.01,280,yes
21FP,B,Chloramphenicol,41.28,3.99,279,yes
21FP,B,Chloramphenicol,41.40,3.99,280,yes
21FP,B,Chloramphenicol,41.53,3.98,283,yes
21FP,B,Chloramphenicol,41.66,3.96,282,yes
21FP,B,Chloramphenicol,41.79,3.95,286,yes
21FP,B,Chloramphenicol,41.91,3.94,287,yes
21FP,B,Chloramphenicol,42.04,3.93,291,yes
21FP,B,Chloramphenicol,42.19,3.92,293,yes
21FP,B,Chloramphenicol,42.34,3.90,291,yes
21FP,B,Chloramphenicol,42.49,3.89,291,yes
21FP,B,Chloramphenicol,42.62,3.87,295,yes
21FP,B,Chloramphenicol,42.75,3.85,295,yes
21FP,B,Chloramphenicol,42.88,3.83,298,yes
21FP,B,Chloramphenicol,42.99,3.80,298,yes
21FP,B,Chloramphenicol,43.10,3.76,300,yes
21FP,B,Chloramphenicol,43.21,3.73,298,yes
21FP,B,Chloramphenicol,43.34,3.69,300,yes
21FP,B,Chloramphenicol,43.46,3.65,301,yes
21FP,B,Chloramphenicol,43.61,3.59,303,yes
21FP,B,Chloramphenicol,43.68,3.64,302,yes
21FP,B,Chloramphenicol,43.79,3.67,299,yes
21FP,B,Chloramphenicol,43.90,3.70,296,yes
21FP,B,Chloramphenicol,44.01,3.73,298,yes
21FP,B,Chloramphenicol,44.13,3.74,298,yes
21FP,B,Chloramphenicol,44.25,3.76,294,yes
21FP,B,Chloramphenicol,44.37,3.77,293,yes
21FP,B,Chloramphenicol,44.49,3.79,291,yes
21FP,B,Chloramphenicol,44.61,3.81,293,yes
21FP,B,Chloramphenicol,44.74,3.81,294,yes
21FP,B,Chloramphenicol,44.87,3.80,291,yes
21FP,B,Chloramphenicol,45.01,3.80,286,yes
21FP,B,Chloramphenicol,45.14,3.81,284,yes
21FP,B,Chloramphenicol,45.27,3.81,281,yes
21FP,B,Chloramphenicol,45.40,3.82,281,yes
21FP,B,Chloramphenicol,45.55,3.81,279,yes
21FP,B,Chloramphenicol,45.69,3.81,278,yes
21FP,B,Chloramphenicol,45.83,3.80,276,yes
21FP,B,Chloramphenicol,45.98,3.81,272,yes
21FP,B,Chloramphenicol,46.12,3.81,271,yes
21FP,B,Chloramphenicol,46.27,3.82,272,yes
21FP,B,Chloramphenicol,46.41,3.82,267,yes
21FP,B,Chloramphenicol,46.56,3.82,265,yes
21FP,B,Chloramphenicol,46.70,3.83,259,yes
21FP,B,Chloramphenicol,46.84,3.84,259,yes
21FP,B,Chloramphenicol,46.99,3.86,258,yes
21FP,B,Chloramphenicol,47.13,3.87,256,yes
21FP,B,Chloramphenicol,47.26,3.86,255,yes
21FP,B,Chloramphenicol,47.39,3.84,253,yes
21FP,B,Chloramphenicol,47.52,3.81,246,yes
21FP,B,Chloramphenicol,47.65,3.79,244,yes
21FP,B,Chloramphenicol,47.78,3.77,242,yes
21FP,B,Chloramphenicol,47.91,3.76,243,yes
21FP,B,Chloramphenicol,48.04,3.73,244,yes
21FP,B,Chloramphenicol,48.18,3.71,242,yes
21FP,B,Chloramphenicol,48.31,3.69,243,yes
21FP,B,Chloramphenicol,48.44,3.67,242,yes
21FP,B,Chloramphenicol,48.58,3.63,239,yes
21FP,B,Chloramphenicol,48.73,3.61,242,yes
21FP,B,Chloramphenicol,48.88,3.59,240,yes
21FP,B,Chloramphenicol,49.03,3.58,242,yes
21FP,B,Chloramphenicol,49.17,3.57,239,yes
21FP,B,Chloramphenicol,49.30,3.56,239,yes
21FP,B,Chloramphenicol,49.43,3.56,239,yes
21FP,B,Chloramphenicol,49.55,3.56,239,yes
21FP,B,Chloramphenicol,49.68,3.56,238,yes
21FP,B,Chloramphenicol,49.80,3.57,239,yes
21FP,B,Chloramphenicol,49.95,3.57,238,yes
21FP,B,Chloramphenicol,50.10,3.57,236,yes
21FP,B,Chloramphenicol,50.25,3.57,232,yes
21FP,B,Chloramphenicol,50.39,3.58,230,yes
21FP,B,Chloramphenicol,50.54,3.59,232,yes
21FP,B,Chloramphenicol,50.68,3.60,231,yes
21FP,B,Chloramphenicol,50.83,3.61,229,yes
21FP,B,Chloramphenicol,50.97,3.62,231,yes
21FP,B,Chloramphenicol,51.11,3.62,230,yes
21FP,B,Chloramphenicol,51.26,3.62,229,yes
21FP,B,Chloramphenicol,51.40,3.63,231,yes
21FP,B,Chloramphenicol,51.55,3.60,230,yes
21FP,B,Chloramphenicol,51.69,3.58,230,yes
21FP,B,Chloramphenicol,51.84,3.57,235,yes
21FP,B,Chloramphenicol,51.98,3.56,235,yes
21FP,B,Chloramphenicol,52.13,3.55,233,yes
21FP,B,Chloramphenicol,52.27,3.55,230,yes
21FP,B,Chloramphenicol,52.41,3.50,233,yes
21FP,B,Chloramphenicol,52.55,3.47,233,yes
21FP,B,Chloramphenicol,52.69,3.43,234,yes
21FP,B,Chloramphenicol,52.82,3.40,236,yes
21FP,B,Chloramphenicol,52.96,3.37,236,yes
21FP,B,Chloramphenicol,53.10,3.34,236,yes
21FP,B,Chloramphenicol,53.23,3.28,235,yes
21FP,B,Chloramphenicol,53.37,3.22,236,yes
21FP,B,Chloramphenicol,53.50,3.17,236,yes
21FP,B,Chloramphenicol,53.64,3.12,237,yes
21FP,B,Chloramphenicol,53.77,3.07,233,yes
21FP,B,Chloramphenicol,53.90,3.02,232,yes
21FP,B,Chloramphenicol,54.05,2.96,235,yes
21FP,B,Chloramphenicol,54.20,2.91,233,yes
21FP,B,Chloramphenicol,54.35,2.86,232,yes
21FP,B,Chloramphenicol,54.50,2.81,230,yes
21FP,B,Chloramphenicol,54.65,2.77,225,yes
21FP,B,Chloramphenicol,54.78,2.73,220,yes
21FP,B,Chloramphenicol,54.91,2.70,224,yes
21FP,B,Chloramphenicol,55.05,2.68,221,yes
21FP,B,Chloramphenicol,55.18,2.65,219,yes
21FP,B,Chloramphenicol,55.31,2.64,218,yes
21FP,B,Chloramphenicol,55.46,2.61,217,yes
21FP,B,Chloramphenicol,55.60,2.58,216,yes
21FP,B,Chloramphenicol,55.75,2.56,217,yes
21FP,B,Chloramphenicol,55.89,2.55,214,yes
21FP,B,Chloramphenicol,56.04,2.54,215,yes
21FP,B,Chloramphenicol,56.18,2.53,215,yes
21FP,B,Chloramphenicol,56.32,2.53,215,yes
21FP,B,Chloramphenicol,56.46,2.53,218,yes
21FP,B,Chloramphenicol,56.60,2.53,218,yes
21FP,B,Chloramphenicol,56.73,2.54,219,yes
21FP,B,Chloramphenicol,56.87,2.55,217,yes
21FP,B,Chloramphenicol,57.01,2.56,217,yes
21FP,B,Chloramphenicol,57.15,2.57,218,yes
21FP,B,Chloramphenicol,57.29,2.59,215,yes
21FP,B,Chloramphenicol,57.43,2.61,216,yes
21FP,B,Chloramphenicol,57.57,2.64,219,yes
21FP,B,Chloramphenicol,57.72,2.66,218,yes
21FP,B,Chloramphenicol,57.87,2.69,220,yes
21FP,B,Chloramphenicol,58.02,2.72,223,yes
21FP,B,Chloramphenicol,58.17,2.76,224,yes
21FP,B,Chloramphenicol,58.30,2.79,221,yes
21FP,B,Chloramphenicol,58.44,2.83,220,yes
21FP,B,Chloramphenicol,58.58,2.87,215,yes
21FP,B,Chloramphenicol,58.71,2.92,215,yes
21FP,B,Chloramphenicol,58.85,2.97,215,yes
21FP,B,Chloramphenicol,58.98,3.01,215,yes
21FP,B,Chloramphenicol,59.11,3.06,213,yes
21FP,B,Chloramphenicol,59.24,3.11,214,yes
21FP,B,Chloramphenicol,59.37,3.17,212,yes
21FP,B,Chloramphenicol,59.50,3.22,211,yes
21FP,B,Chloramphenicol,59.63,3.28,208,yes
21FP,B,Chloramphenicol,59.77,3.34,207,yes
21FP,B,Chloramphenicol,59.91,3.37,204,yes
21FP,B,Chloramphenicol,60.06,3.40,205,yes
21FP,B,Chloramphenicol,60.20,3.44,199,yes
21FP,B,Chloramphenicol,60.34,3.48,199,yes
21FP,B,Chloramphenicol,60.48,3.52,196,yes
21FP,B,Chloramphenicol,60.63,3.55,199,yes
21FP,B,Chloramphenicol,60.78,3.57,200,yes
21FP,B,Chloramphenicol,60.93,3.60,200,yes
21FP,B,Chloramphenicol,61.08,3.64,201,yes
21FP,B,Chloramphenicol,61.23,3.68,198,yes
21FP,B,Chloramphenicol,61.38,3.71,195,yes
21FP,B,Chloramphenicol,61.51,3.71,194,yes
21FP,B,Chloramphenicol,61.64,3.70,194,yes
21FP,B,Chloramphenicol,61.77,3.70,194,yes
21FP,B,Chloramphenicol,61.90,3.71,193,yes
21FP,B,Chloramphenicol,62.03,3.71,192,yes
21FP,B,Chloramphenicol,62.15,3.72,193,yes
21FP,B,Chloramphenicol,62.28,3.73,190,yes
21FP,B,Chloramphenicol,62.42,3.71,191,yes
21FP,B,Chloramphenicol,62.56,3.70,193,yes
21FP,B,Chloramphenicol,62.70,3.68,193,yes
21FP,B,Chloramphenicol,62.84,3.68,193,yes
21FP,B,Chloramphenicol,62.98,3.67,194,yes
21FP,B,Chloramphenicol,63.12,3.67,195,yes
21FP,B,Chloramphenicol,63.26,3.64,195,yes
21FP,B,Chloramphenicol,63.39,3.62,194,yes
21FP,B,Chloramphenicol,63.53,3.60,195,yes
21FP,B,Chloramphenicol,63.67,3.58,196,yes
21FP,B,Chloramphenicol,63.81,3.57,194,yes
21FP,B,Chloramphenicol,63.95,3.56,195,yes
21FP,B,Chloramphenicol,64.09,3.55,197,yes
21FP,B,Chloramphenicol,64.23,3.55,199,yes
21FP,B,Chloramphenicol,64.37,3.55,195,yes
21FP,B,Chloramphenicol,64.50,3.54,194,yes
21FP,B,Chloramphenicol,64.62,3.53,197,yes
21FP,B,Chloramphenicol,64.75,3.53,197,yes
21FP,B,Chloramphenicol,64.87,3.53,194,yes
21FP,B,Chloramphenicol,65.02,3.53,201,yes
21FP,B,Chloramphenicol,65.16,3.54,205,yes
21FP,B,Chloramphenicol,65.30,3.49,204,yes
21FP,B,Chloramphenicol,65.45,3.43,203,yes
21FP,B,Chloramphenicol,65.58,3.36,204,yes
21FP,B,Chloramphenicol,65.71,3.28,202,yes
21FP,B,Chloramphenicol,65.84,3.20,200,no
21FP,B,Chloramphenicol,65.98,3.13,202,no
21FP,B,Chloramphenicol,66.11,3.06,203,no
2V50,B,DDM,0.00,2.56,242,yes
2V50,B,DDM,0.13,2.68,239,yes
2V50,B,DDM,0.26,2.81,243,yes
2V50,B,DDM,0.39,2.93,242,yes
2V50,B,DDM,0.52,3.06,245,yes
2V50,B,DDM,0.65,3.18,245,yes
2V50,B,DDM,0.78,3.30,245,yes
2V50,B,DDM,0.91,3.43,247,yes
2V50,B,DDM,1.04,3.52,247,yes
2V50,B,DDM,1.17,3.62,247,yes
2V50,B,DDM,1.29,3.72,248,yes
2V50,B,DDM,1.42,3.82,252,yes
2V50,B,DDM,1.55,3.92,250,yes
2V50,B,DDM,1.67,3.93,251,yes
2V50,B,DDM,1.80,3.95,253,yes
2V50,B,DDM,1.93,3.97,252,yes
2V50,B,DDM,2.05,3.93,251,yes
2V50,B,DDM,2.15,3.88,253,yes
2V50,B,DDM,2.26,3.84,251,yes
2V50,B,DDM,2.36,3.78,251,yes
2V50,B,DDM,2.48,3.74,251,yes
2V50,B,DDM,2.58,3.78,252,yes
2V50,B,DDM,2.70,3.84,251,yes
2V50,B,DDM,2.82,3.90,253,yes
2V50,B,DDM,2.94,3.94,251,yes
2V50,B,DDM,3.06,3.98,252,yes
2V50,B,DDM,3.18,4.00,253,yes
2V50,B,DDM,3.29,4.03,251,yes
2V50,B,DDM,3.42,4.03,249,yes
2V50,B,DDM,3.54,4.04,249,yes
2V50,B,DDM,3.66,4.05,251,yes
2V50,B,DDM,3.78,4.06,252,yes
2V50,B,DDM,3.91,4.06,254,yes
2V50,B,DDM,4.04,4.06,253,yes
2V50,B,DDM,4.18,4.03,251,yes
2V50,B,DDM,4.31,4.01,251,yes
2V50,B,DDM,4.45,3.99,252,yes
2V50,B,DDM,4.58,3.98,250,yes
2V50,B,DDM,4.73,3.94,248,yes
2V50,B,DDM,4.87,3.90,247,yes
2V50,B,DDM,5.01,3.86,245,yes
2V50,B,DDM,5.16,3.82,247,yes
2V50,B,DDM,5.30,3.79,251,yes
2V50,B,DDM,5.43,3.74,256,yes
2V50,B,DDM,5.56,3.69,254,yes
2V50,B,DDM,5.69,3.64,256,yes
2V50,B,DDM,5.82,3.60,253,yes
2V50,B,DDM,5.95,3.55,258,yes
2V50,B,DDM,6.08,3.51,250,yes
2V50,B,DDM,6.22,3.46,250,yes
2V50,B,DDM,6.36,3.40,249,yes
2V50,B,DDM,6.50,3.35,250,yes
2V50,B,DDM,6.64,3.31,248,yes
2V50,B,DDM,6.77,3.26,241,yes
2V50,B,DDM,6.90,3.21,243,yes
2V50,B,DDM,7.03,3.15,243,yes
2V50,B,DDM,7.16,3.10,246,yes
2V50,B,DDM,7.28,3.06,242,yes
2V50,B,DDM,7.41,3.01,242,yes
2V50,B,DDM,7.54,2.95,242,yes
2V50,B,DDM,7.68,2.91,243,yes
2V50,B,DDM,7.82,2.86,246,yes
2V50,B,DDM,7.95,2.82,246,yes
2V50,B,DDM,8.09,2.78,247,yes
2V50,B,DDM,8.23,2.74,244,yes
2V50,B,DDM,8.37,2.71,244,yes
2V50,B,DDM,8.50,2.68,242,yes
2V50,B,DDM,8.64,2.66,240,yes
2V50,B,DDM,8.78,2.64,242,yes
2V50,B,DDM,8.92,2.62,247,yes
2V50,B,DDM,9.06,2.61,244,yes
2V50,B,DDM,9.20,2.60,243,yes
2V50,B,DDM,9.34,2.59,241,yes
2V50,B,DDM,9.48,2.60,243,yes
2V50,B,DDM,9.61,2.60,242,yes
2V50,B,DDM,9.74,2.61,243,yes
2V50,B,DDM,9.88,2.62,243,yes
2V50,B,DDM,10.01,2.64,240,yes
2V50,B,DDM,10.14,2.66,241,yes
2V50,B,DDM,10.27,2.68,242,yes
2V50,B,DDM,10.39,2.69,244,yes
2V50,B,DDM,10.52,2.71,242,yes
2V50,B,DDM,10.65,2.73,243,yes
2V50,B,DDM,10.77,2.76,244,yes
2V50,B,DDM,10.90,2.78,243,yes
2V50,B,DDM,11.03,2.80,242,yes
2V50,B,DDM,11.16,2.83,243,yes
2V50,B,DDM,11.30,2.86,246,yes
2V50,B,DDM,11.43,2.90,244,yes
2V50,B,DDM,11.56,2.92,245,yes
2V50,B,DDM,11.69,2.95,244,yes
2V50,B,DDM,11.83,2.98,242,yes
2V50,B,DDM,11.96,3.01,241,yes
2V50,B,DDM,12.09,3.05,239,yes
2V50,B,DDM,12.24,3.08,240,yes
2V50,B,DDM,12.39,3.11,236,yes
2V50,B,DDM,12.53,3.15,235,yes
2V50,B,DDM,12.68,3.19,235,yes
2V50,B,DDM,12.83,3.23,234,yes
2V50,B,DDM,12.96,3.26,232,yes
2V50,B,DDM,13.10,3.29,231,yes
2V50,B,DDM,13.23,3.33,230,yes
2V50,B,DDM,13.37,3.37,229,yes
2V50,B,DDM,13.51,3.41,230,yes
2V50,B,DDM,13.64,3.46,231,yes
2V50,B,DDM,13.79,3.48,233,yes
2V50,B,DDM,13.93,3.50,232,yes
2V50,B,DDM,14.08,3.53,233,yes
2V50,B,DDM,14.22,3.57,234,yes
2V50,B,DDM,14.37,3.60,234,yes
2V50,B,DDM,14.49,3.60,233,yes
2V50,B,DDM,14.62,3.60,234,yes
2V50,B,DDM,14.74,3.61,233,yes
2V50,B,DDM,14.87,3.61,232,yes
2V50,B,DDM,15.00,3.63,231,yes
2V50,B,DDM,15.14,3.59,229,yes
2V50,B,DDM,15.29,3.55,229,yes
2V50,B,DDM,15.44,3.52,228,yes
2V50,B,DDM,15.59,3.49,231,yes
2V50,B,DDM,15.70,3.47,236,yes
2V50,B,DDM,15.82,3.46,237,yes
2V50,B,DDM,15.94,3.44,237,yes
2V50,B,DDM,16.06,3.44,238,yes
2V50,B,DDM,16.17,3.43,233,yes
2V50,B,DDM,16.28,3.43,236,yes
2V50,B,DDM,16.40,3.43,237,yes
2V50,B,DDM,16.53,3.43,240,yes
2V50,B,DDM,16.67,3.44,238,yes
2V50,B,DDM,16.78,3.46,237,yes
2V50,B,DDM,16.88,3.48,234,yes
2V50,B,DDM,16.99,3.51,233,yes
2V50,B,DDM,17.11,3.53,235,yes
2V50,B,DDM,17.23,3.56,238,yes
2V50,B,DDM,17.36,3.58,237,yes
2V50,B,DDM,17.48,3.61,240,yes
2V50,B,DDM,17.61,3.63,239,yes
2V50,B,DDM,17.74,3.65,238,yes
2V50,B,DDM,17.87,3.67,238,yes
2V50,B,DDM,18.00,3.69,240,yes
2V50,B,DDM,18.13,3.72,240,yes
2V50,B,DDM,18.28,3.72,245,yes
2V50,B,DDM,18.42,3.73,244,yes
2V50,B,DDM,18.57,3.74,245,yes
2V50,B,DDM,18.72,3.75,242,yes
2V50,B,DDM,18.87,3.77,244,yes
2V50,B,DDM,19.00,3.78,244,yes
2V50,B,DDM,19.13,3.79,247,yes
2V50,B,DDM,19.26,3.81,242,yes
2V50,B,DDM,19.39,3.83,244,yes
2V50,B,DDM,19.52,3.82,247,yes
2V50,B,DDM,19.65,3.81,249,yes
2V50,B,DDM,19.77,3.80,250,yes
2V50,B,DDM,19.90,3.79,251,yes
2V50,B,DDM,20.03,3.78,252,yes
2V50,B,DDM,20.15,3.78,253,yes
2V50,B,DDM,20.28,3.78,257,yes
2V50,B,DDM,20.40,3.78,261,yes
2V50,B,DDM,20.53,3.77,262,yes
2V50,B,DDM,20.66,3.76,263,yes
2V50,B,DDM,20.79,3.75,265,yes
2V50,B,DDM,20.92,3.75,266,yes
2V50,B,DDM,21.05,3.75,269,yes
2V50,B,DDM,21.19,3.74,269,yes
2V50,B,DDM,21.32,3.74,267,yes
2V50,B,DDM,21.45,3.73,267,yes
2V50,B,DDM,21.58,3.74,268,yes
2V50,B,DDM,21.70,3.73,271,yes
2V50,B,DDM,21.82,3.74,274,yes
2V50,B,DDM,21.94,3.74,276,yes
2V50,B,DDM,22.06,3.75,277,yes
2V50,B,DDM,22.18,3.75,278,yes
2V50,B,DDM,22.30,3.76,281,yes
2V50,B,DDM,22.42,3.77,287,yes
2V50,B,DDM,22.56,3.76,289,yes
2V50,B,DDM,22.71,3.74,293,yes
2V50,B,DDM,22.83,3.71,289,yes
2V50,B,DDM,22.95,3.68,286,yes
2V50,B,DDM,23.07,3.64,287,yes
2V50,B,DDM,23.18,3.60,287,yes
2V50,B,DDM,23.29,3.55,288,yes
2V50,B,DDM,23.40,3.51,289,yes
2V50,B,DDM,23.49,3.46,291,yes
2V50,B,DDM,23.58,3.42,290,yes
2V50,B,DDM,23.66,3.39,289,yes
2V50,B,DDM,23.76,3.42,291,yes
2V50,B,DDM,23.88,3.46,289,yes
2V50,B,DDM,23.99,3.49,288,yes
2V50,B,DDM,24.11,3.51,287,yes
2V50,B,DDM,24.22,3.54,287,yes
2V50,B,DDM,24.34,3.57,286,yes
2V50,B,DDM,24.45,3.59,284,yes
2V50,B,DDM,24.59,3.61,285,yes
2V50,B,DDM,24.74,3.63,281,yes
2V50,B,DDM,24.88,3.66,284,yes
2V50,B,DDM,25.02,3.67,282,yes
2V50,B,DDM,25.15,3.67,282,yes
2V50,B,DDM,25.28,3.67,279,yes
2V50,B,DDM,25.41,3.68,281,yes
2V50,B,DDM,25.54,3.67,280,yes
2V50,B,DDM,25.69,3.67,277,yes
2V50,B,DDM,25.84,3.64,274,yes
2V50,B,DDM,25.98,3.60,271,yes
2V50,B,DDM,26.13,3.54,270,yes
2V50,B,DDM,26.28,3.47,269,yes
2V50,B,DDM,26.43,3.42,268,yes
2V50,B,DDM,26.57,3.34,268,yes
2V50,B,DDM,26.71,3.27,266,yes
2V50,B,DDM,26.86,3.20,262,yes
2V50,B,DDM,27.00,3.12,260,yes
2V50,B,DDM,27.14,3.04,256,yes
2V50,B,DDM,27.29,2.97,254,yes
2V50,B,DDM,27.43,2.90,249,yes
2V50,B,DDM,27.58,2.83,250,yes
2V50,B,DDM,27.72,2.77,244,yes
2V50,B,DDM,27.86,2.72,243,yes
2V50,B,DDM,27.99,2.66,247,yes
2V50,B,DDM,28.13,2.62,246,yes
2V50,B,DDM,28.26,2.57,242,yes
2V50,B,DDM,28.40,2.53,239,yes
2V50,B,DDM,28.53,2.50,238,yes
2V50,B,DDM,28.66,2.47,239,yes
2V50,B,DDM,28.79,2.44,240,yes
2V50,B,DDM,28.92,2.42,243,yes
2V50,B,DDM,29.06,2.41,244,yes
2V50,B,DDM,29.19,2.39,236,yes
2V50,B,DDM,29.32,2.38,235,yes
2V50,B,DDM,29.46,2.38,235,yes
2V50,B,DDM,29.61,2.37,238,yes
2V50,B,DDM,29.76,2.38,236,yes
2V50,B,DDM,29.91,2.39,233,yes
2V50,B,DDM,30.06,2.40,234,yes
2V50,B,DDM,30.19,2.42,234,yes
2V50,B,DDM,30.33,2.45,233,yes
2V50,B,DDM,30.47,2.48,232,yes
2V50,B,DDM,30.61,2.51,232,yes
2V50,B,DDM,30.75,2.55,235,yes
2V50,B,DDM,30.88,2.59,235,yes
2V50,B,DDM,31.02,2.64,233,yes
2V50,B,DDM,31.16,2.69,235,yes
2V50,B,DDM,31.29,2.74,238,yes
2V50,B,DDM,31.43,2.80,238,yes
2V50,B,DDM,31.57,2.86,239,yes
2V50,B,DDM,31.70,2.91,241,yes
2V50,B,DDM,31.84,2.96,242,yes
2V50,B,DDM,31.97,3.02,241,yes
2V50,B,DDM,32.11,3.08,242,yes
2V50,B,DDM,32.24,3.11,247,yes
2V50,B,DDM,32.37,3.12,251,yes
2V50,B,DDM,32.50,3.12,250,yes
2V50,B,DDM,32.63,3.13,250,yes
2V50,B,DDM,32.76,3.14,253,yes
2V50,B,DDM,32.89,3.15,253,yes
2V50,B,DDM,33.03,3.16,254,yes
2V50,B,DDM,33.16,3.17,253,yes
2V50,B,DDM,33.30,3.18,254,yes
2V50,B,DDM,33.43,3.20,254,yes
2V50,B,DDM,33.57,3.22,257,yes
2V50,B,DDM,33.71,3.24,256,yes
2V50,B,DDM,33.84,3.26,256,yes
2V50,B,DDM,33.98,3.29,259,yes
2V50,B,DDM,34.12,3.32,260,yes
2V50,B,DDM,34.26,3.35,262,yes
2V50,B,DDM,34.40,3.38,263,yes
2V50,B,DDM,34.55,3.42,262,yes
2V50,B,DDM,34.69,3.46,261,yes
2V50,B,DDM,34.83,3.50,261,yes
2V50,B,DDM,34.96,3.56,256,yes
2V50,B,DDM,35.08,3.62,256,yes
2V50,B,DDM,35.21,3.63,254,yes
2V50,B,DDM,35.34,3.64,251,yes
2V50,B,DDM,35.46,3.65,253,yes
2V50,B,DDM,35.59,3.66,252,yes
2V50,B,DDM,35.72,3.66,254,yes
2V50,B,DDM,35.85,3.66,255,yes
2V50,B,DDM,35.98,3.67,250,yes
2V50,B,DDM,36.11,3.68,249,yes
2V50,B,DDM,36.25,3.70,251,yes
2V50,B,DDM,36.38,3.71,251,yes
2V50,B,DDM,36.51,3.72,250,yes
2V50,B,DDM,36.65,3.73,252,yes
2V50,B,DDM,36.79,3.75,251,yes
2V50,B,DDM,36.92,3.77,250,yes
2V50,B,DDM,37.06,3.79,248,yes
2V50,B,DDM,37.20,3.82,249,yes
2V50,B,DDM,37.34,3.84,249,yes
2V50,B,DDM,37.48,3.87,250,yes
2V50,B,DDM,37.62,3.90,249,yes
2V50,B,DDM,37.77,3.93,246,yes
2V50,B,DDM,37.91,3.97,248,yes
2V50,B,DDM,38.04,3.98,248,yes
2V50,B,DDM,38.17,3.99,248,yes
2V50,B,DDM,38.29,4.00,247,yes
2V50,B,DDM,38.42,4.01,246,yes
2V50,B,DDM,38.55,4.00,243,yes
2V50,B,DDM,38.68,3.98,241,yes
2V50,B,DDM,38.81,3.94,240,yes
2V50,B,DDM,38.89,3.89,240,yes
2V50,B,DDM,38.98,3.84,238,yes
2V50,B,DDM,39.06,3.84,239,yes
2V50,B,DDM,39.19,3.85,240,yes
2V50,B,DDM,39.32,3.86,239,yes
2V50,B,DDM,39.44,3.85,239,yes
2V50,B,DDM,39.56,3.83,237,yes
2V50,B,DDM,39.68,3.82,239,yes
2V50,B,DDM,39.81,3.81,238,yes
2V50,B,DDM,39.93,3.79,236,yes
2V50,B,DDM,40.06,3.77,233,yes
2V50,B,DDM,40.19,3.75,229,yes
2V50,B,DDM,40.31,3.74,229,yes
2V50,B,DDM,40.44,3.72,231,yes
2V50,B,DDM,40.58,3.70,233,yes
2V50,B,DDM,40.71,3.67,232,yes
2V50,B,DDM,40.85,3.65,234,yes
2V50,B,DDM,40.99,3.64,234,yes
2V50,B,DDM,41.13,3.62,233,yes
2V50,B,DDM,41.25,3.62,231,yes
2V50,B,DDM,41.38,3.61,231,yes
2V50,B,DDM,41.50,3.60,231,yes
2V50,B,DDM,41.63,3.59,235,yes
2V50,B,DDM,41.75,3.59,239,yes
2V50,B,DDM,41.89,3.58,239,yes
2V50,B,DDM,42.02,3.57,237,yes
2V50,B,DDM,42.16,3.57,238,yes
2V50,B,DDM,42.30,3.57,235,yes
2V50,B,DDM,42.43,3.56,234,yes
2V50,B,DDM,42.56,3.55,236,yes
2V50,B,DDM,42.69,3.55,234,yes
2V50,B,DDM,42.82,3.55,234,yes
2V50,B,DDM,42.96,3.54,237,yes
2V50,B,DDM,43.10,3.54,237,yes
2V50,B,DDM,43.24,3.54,235,yes
2V50,B,DDM,43.38,3.54,232,yes
2V50,B,DDM,43.52,3.54,231,yes
2V50,B,DDM,43.65,3.54,229,yes
2V50,B,DDM,43.79,3.55,229,yes
2V50,B,DDM,43.92,3.56,229,yes
2V50,B,DDM,44.06,3.57,230,yes
2V50,B,DDM,44.21,3.58,228,yes
2V50,B,DDM,44.35,3.59,224,yes
2V50,B,DDM,44.50,3.61,223,yes
2V50,B,DDM,44.65,3.64,221,yes
2V50,B,DDM,44.80,3.66,219,yes
2V50,B,DDM,44.93,3.69,215,yes
2V50,B,DDM,45.07,3.73,211,yes
2V50,B,DDM,45.21,3.76,213,yes
2V50,B,DDM,45.35,3.80,214,yes
2V50,B,DDM,45.49,3.84,214,yes
2V50,B,DDM,45.63,3.89,212,yes
2V50,B,DDM,45.76,3.91,210,yes
2V50,B,DDM,45.90,3.94,206,yes
2V50,B,DDM,46.03,3.97,205,yes
2V50,B,DDM,46.17,3.97,203,yes
2V50,B,DDM,46.32,3.97,200,no
2V50,B,DDM,46.46,3.97,199,no
2V50,B,DDM,46.59,3.95,198,no
2V50,B,DDM,46.73,3.93,198,no
2V50,B,DDM,46.86,3.92,199,no
2V50,B,DDM,46.98,3.90,195,no
2V50,B,DDM,47.10,3.89,196,no
2V50,B,DDM,47.21,3.87,197,no
2V50,B,DDM,47.33,3.86,197,no
2V50,B,DDM,47.46,3.84,200,no
2V50,B,DDM,47.59,3.83,197,no
2V50,B,DDM,47.72,3.82,193,no
2V50,B,DDM,47.84,3.81,195,no
2V50,B,DDM,47.97,3.80,193,no
2V50,B,DDM,48.11,3.79,194,no
2V50,B,DDM,48.25,3.78,196,no
2V50,B,DDM,48.38,3.77,193,no
2V50,B,DDM,48.52,3.77,195,no
2V50,B,DDM,48.66,3.77,193,no
2V50,B,DDM,48.80,3.78,193,no
2V50,B,DDM,48.94,3.78,193,no
2V50,B,DDM,49.09,3.78,194,no
2V50,B,DDM,49.24,3.79,194,no
2V50,B,DDM,49.38,3.80,195,no
2V50,B,DDM,49.53,3.79,194,no
2V50,B,DDM,49.68,3.78,194,no
2V50,B,DDM,49.82,3.73,194,no
2V50,B,DDM,49.97,3.69,191,no
2V50,B,DDM,50.11,3.64,190,no
2V50,B,DDM,50.26,3.60,190,no
2V50,B,DDM,50.40,3.57,188,no
2V50,B,DDM,50.55,3.54,189,no
2V50,B,DDM,50.68,3.47,188,no
2V50,B,DDM,50.82,3.41,191,no
2V50,B,DDM,50.96,3.35,191,no
2V50,B,DDM,51.10,3.29,194,no
2V50,B,DDM,51.23,3.22,190,no
2V50,B,DDM,51.37,3.14,190,no
2V50,B,DDM,51.51,3.07,189,no
MexB_DDM_3_20260730,E,DDM x3,0.00,3.41,251,yes
MexB_DDM_3_20260730,E,DDM x3,0.14,3.53,248,yes
MexB_DDM_3_20260730,E,DDM x3,0.27,3.64,243,yes
MexB_DDM_3_20260730,E,DDM x3,0.41,3.76,241,yes
MexB_DDM_3_20260730,E,DDM x3,0.55,3.88,242,yes
MexB_DDM_3_20260730,E,DDM x3,0.69,3.98,245,yes
MexB_DDM_3_20260730,E,DDM x3,0.82,4.09,245,yes
MexB_DDM_3_20260730,E,DDM x3,0.96,4.19,241,yes
MexB_DDM_3_20260730,E,DDM x3,1.11,4.26,240,yes
MexB_DDM_3_20260730,E,DDM x3,1.25,4.33,239,yes
MexB_DDM_3_20260730,E,DDM x3,1.34,4.34,238,yes
MexB_DDM_3_20260730,E,DDM x3,1.42,4.34,239,yes
MexB_DDM_3_20260730,E,DDM x3,1.50,4.32,237,yes
MexB_DDM_3_20260730,E,DDM x3,1.58,4.30,235,yes
MexB_DDM_3_20260730,E,DDM x3,1.70,4.27,235,yes
MexB_DDM_3_20260730,E,DDM x3,1.81,4.24,234,yes
MexB_DDM_3_20260730,E,DDM x3,1.95,4.20,237,yes
MexB_DDM_3_20260730,E,DDM x3,2.10,4.16,237,yes
MexB_DDM_3_20260730,E,DDM x3,2.22,4.13,237,yes
MexB_DDM_3_20260730,E,DDM x3,2.34,4.10,232,yes
MexB_DDM_3_20260730,E,DDM x3,2.46,4.08,232,yes
MexB_DDM_3_20260730,E,DDM x3,2.59,4.06,234,yes
MexB_DDM_3_20260730,E,DDM x3,2.72,4.04,236,yes
MexB_DDM_3_20260730,E,DDM x3,2.85,4.02,237,yes
MexB_DDM_3_20260730,E,DDM x3,2.98,4.01,239,yes
MexB_DDM_3_20260730,E,DDM x3,3.11,3.99,238,yes
MexB_DDM_3_20260730,E,DDM x3,3.24,3.99,234,yes
MexB_DDM_3_20260730,E,DDM x3,3.37,3.99,234,yes
MexB_DDM_3_20260730,E,DDM x3,3.50,3.98,238,yes
MexB_DDM_3_20260730,E,DDM x3,3.63,3.98,240,yes
MexB_DDM_3_20260730,E,DDM x3,3.76,3.98,242,yes
MexB_DDM_3_20260730,E,DDM x3,3.90,3.98,242,yes
MexB_DDM_3_20260730,E,DDM x3,4.03,3.99,239,yes
MexB_DDM_3_20260730,E,DDM x3,4.17,4.01,236,yes
MexB_DDM_3_20260730,E,DDM x3,4.32,4.03,237,yes
MexB_DDM_3_20260730,E,DDM x3,4.46,4.05,234,yes
MexB_DDM_3_20260730,E,DDM x3,4.61,4.07,235,yes
MexB_DDM_3_20260730,E,DDM x3,4.76,4.09,236,yes
MexB_DDM_3_20260730,E,DDM x3,4.91,4.11,241,yes
MexB_DDM_3_20260730,E,DDM x3,5.06,4.13,239,yes
MexB_DDM_3_20260730,E,DDM x3,5.21,4.15,240,yes
MexB_DDM_3_20260730,E,DDM x3,5.36,4.17,241,yes
MexB_DDM_3_20260730,E,DDM x3,5.49,4.18,241,yes
MexB_DDM_3_20260730,E,DDM x3,5.63,4.20,241,yes
MexB_DDM_3_20260730,E,DDM x3,5.77,4.21,243,yes
MexB_DDM_3_20260730,E,DDM x3,5.88,4.22,244,yes
MexB_DDM_3_20260730,E,DDM x3,6.00,4.23,244,yes
MexB_DDM_3_20260730,E,DDM x3,6.12,4.24,245,yes
MexB_DDM_3_20260730,E,DDM x3,6.24,4.24,244,yes
MexB_DDM_3_20260730,E,DDM x3,6.36,4.25,244,yes
MexB_DDM_3_20260730,E,DDM x3,6.50,4.24,248,yes
MexB_DDM_3_20260730,E,DDM x3,6.63,4.22,249,yes
MexB_DDM_3_20260730,E,DDM x3,6.73,4.19,248,yes
MexB_DDM_3_20260730,E,DDM x3,6.84,4.15,250,yes
MexB_DDM_3_20260730,E,DDM x3,6.96,4.09,251,yes
MexB_DDM_3_20260730,E,DDM x3,7.08,4.03,247,yes
MexB_DDM_3_20260730,E,DDM x3,7.20,3.98,246,yes
MexB_DDM_3_20260730,E,DDM x3,7.32,3.92,246,yes
MexB_DDM_3_20260730,E,DDM x3,7.44,3.86,244,yes
MexB_DDM_3_20260730,E,DDM x3,7.55,3.81,241,yes
MexB_DDM_3_20260730,E,DDM x3,7.67,3.74,242,yes
MexB_DDM_3_20260730,E,DDM x3,7.80,3.67,239,yes
MexB_DDM_3_20260730,E,DDM x3,7.94,3.60,239,yes
MexB_DDM_3_20260730,E,DDM x3,8.07,3.53,238,yes
MexB_DDM_3_20260730,E,DDM x3,8.20,3.47,240,yes
MexB_DDM_3_20260730,E,DDM x3,8.33,3.41,243,yes
MexB_DDM_3_20260730,E,DDM x3,8.46,3.36,239,yes
MexB_DDM_3_20260730,E,DDM x3,8.59,3.30,237,yes
MexB_DDM_3_20260730,E,DDM x3,8.72,3.26,234,yes
MexB_DDM_3_20260730,E,DDM x3,8.84,3.21,234,yes
MexB_DDM_3_20260730,E,DDM x3,8.96,3.17,233,yes
MexB_DDM_3_20260730,E,DDM x3,9.08,3.14,237,yes
MexB_DDM_3_20260730,E,DDM x3,9.20,3.10,234,yes
MexB_DDM_3_20260730,E,DDM x3,9.34,3.07,232,yes
MexB_DDM_3_20260730,E,DDM x3,9.49,3.03,231,yes
MexB_DDM_3_20260730,E,DDM x3,9.63,3.00,229,yes
MexB_DDM_3_20260730,E,DDM x3,9.75,2.98,228,yes
MexB_DDM_3_20260730,E,DDM x3,9.88,2.96,228,yes
MexB_DDM_3_20260730,E,DDM x3,10.01,2.94,223,yes
MexB_DDM_3_20260730,E,DDM x3,10.13,2.93,222,yes
MexB_DDM_3_20260730,E,DDM x3,10.25,2.92,221,yes
MexB_DDM_3_20260730,E,DDM x3,10.38,2.92,223,yes
MexB_DDM_3_20260730,E,DDM x3,10.50,2.92,227,yes
MexB_DDM_3_20260730,E,DDM x3,10.63,2.92,224,yes
MexB_DDM_3_20260730,E,DDM x3,10.75,2.92,228,yes
MexB_DDM_3_20260730,E,DDM x3,10.89,2.94,226,yes
MexB_DDM_3_20260730,E,DDM x3,11.03,2.95,223,yes
MexB_DDM_3_20260730,E,DDM x3,11.16,2.97,222,yes
MexB_DDM_3_20260730,E,DDM x3,11.31,2.99,224,yes
MexB_DDM_3_20260730,E,DDM x3,11.46,3.02,227,yes
MexB_DDM_3_20260730,E,DDM x3,11.61,3.05,224,yes
MexB_DDM_3_20260730,E,DDM x3,11.73,3.07,226,yes
MexB_DDM_3_20260730,E,DDM x3,11.84,3.10,223,yes
MexB_DDM_3_20260730,E,DDM x3,11.96,3.14,222,yes
MexB_DDM_3_20260730,E,DDM x3,12.07,3.17,219,yes
MexB_DDM_3_20260730,E,DDM x3,12.22,3.23,221,yes
MexB_DDM_3_20260730,E,DDM x3,12.37,3.28,221,yes
MexB_DDM_3_20260730,E,DDM x3,12.52,3.35,225,yes
MexB_DDM_3_20260730,E,DDM x3,12.65,3.40,225,yes
MexB_DDM_3_20260730,E,DDM x3,12.78,3.45,223,yes
MexB_DDM_3_20260730,E,DDM x3,12.91,3.50,228,yes
MexB_DDM_3_20260730,E,DDM x3,13.01,3.54,229,yes
MexB_DDM_3_20260730,E,DDM x3,13.11,3.59,229,yes
MexB_DDM_3_20260730,E,DDM x3,13.22,3.64,230,yes
MexB_DDM_3_20260730,E,DDM x3,13.35,3.71,232,yes
MexB_DDM_3_20260730,E,DDM x3,13.49,3.77,231,yes
MexB_DDM_3_20260730,E,DDM x3,13.60,3.81,233,yes
MexB_DDM_3_20260730,E,DDM x3,13.70,3.84,232,yes
MexB_DDM_3_20260730,E,DDM x3,13.81,3.88,233,yes
MexB_DDM_3_20260730,E,DDM x3,13.94,3.92,234,yes
MexB_DDM_3_20260730,E,DDM x3,14.08,3.95,236,yes
MexB_DDM_3_20260730,E,DDM x3,14.21,3.98,237,yes
MexB_DDM_3_20260730,E,DDM x3,14.36,4.02,233,yes
MexB_DDM_3_20260730,E,DDM x3,14.51,4.05,228,yes
MexB_DDM_3_20260730,E,DDM x3,14.65,4.08,228,yes
MexB_DDM_3_20260730,E,DDM x3,14.78,4.11,229,yes
MexB_DDM_3_20260730,E,DDM x3,14.91,4.14,232,yes
MexB_DDM_3_20260730,E,DDM x3,15.04,4.18,235,yes
MexB_DDM_3_20260730,E,DDM x3,15.15,4.20,235,yes
MexB_DDM_3_20260730,E,DDM x3,15.26,4.22,238,yes
MexB_DDM_3_20260730,E,DDM x3,15.37,4.25,236,yes
MexB_DDM_3_20260730,E,DDM x3,15.49,4.26,239,yes
MexB_DDM_3_20260730,E,DDM x3,15.61,4.27,242,yes
MexB_DDM_3_20260730,E,DDM x3,15.73,4.29,246,yes
MexB_DDM_3_20260730,E,DDM x3,15.85,4.28,246,yes
MexB_DDM_3_20260730,E,DDM x3,15.97,4.28,247,yes
MexB_DDM_3_20260730,E,DDM x3,16.08,4.28,250,yes
MexB_DDM_3_20260730,E,DDM x3,16.20,4.28,249,yes
MexB_DDM_3_20260730,E,DDM x3,16.34,4.27,247,yes
MexB_DDM_3_20260730,E,DDM x3,16.48,4.26,246,yes
MexB_DDM_3_20260730,E,DDM x3,16.63,4.25,246,yes
MexB_DDM_3_20260730,E,DDM x3,16.77,4.25,246,yes
MexB_DDM_3_20260730,E,DDM x3,16.92,4.23,246,yes
MexB_DDM_3_20260730,E,DDM x3,17.07,4.22,248,yes
MexB_DDM_3_20260730,E,DDM x3,17.21,4.21,247,yes
MexB_DDM_3_20260730,E,DDM x3,17.36,4.20,247,yes
MexB_DDM_3_20260730,E,DDM x3,17.50,4.20,251,yes
MexB_DDM_3_20260730,E,DDM x3,17.65,4.19,256,yes
MexB_DDM_3_20260730,E,DDM x3,17.79,4.20,256,yes
MexB_DDM_3_20260730,E,DDM x3,17.93,4.20,257,yes
MexB_DDM_3_20260730,E,DDM x3,18.06,4.20,258,yes
MexB_DDM_3_20260730,E,DDM x3,18.19,4.20,258,yes
MexB_DDM_3_20260730,E,DDM x3,18.32,4.19,256,yes
MexB_DDM_3_20260730,E,DDM x3,18.45,4.18,263,yes
MexB_DDM_3_20260730,E,DDM x3,18.60,4.16,262,yes
MexB_DDM_3_20260730,E,DDM x3,18.75,4.13,268,yes
MexB_DDM_3_20260730,E,DDM x3,18.90,4.12,266,yes
MexB_DDM_3_20260730,E,DDM x3,19.02,4.08,267,yes
MexB_DDM_3_20260730,E,DDM x3,19.14,4.04,269,yes
MexB_DDM_3_20260730,E,DDM x3,19.25,4.00,272,yes
MexB_DDM_3_20260730,E,DDM x3,19.35,3.96,273,yes
MexB_DDM_3_20260730,E,DDM x3,19.45,3.92,274,yes
MexB_DDM_3_20260730,E,DDM x3,19.56,3.88,275,yes
MexB_DDM_3_20260730,E,DDM x3,19.57,3.88,274,yes
MexB_DDM_3_20260730,E,DDM x3,19.68,3.94,275,yes
MexB_DDM_3_20260730,E,DDM x3,19.79,3.96,273,yes
MexB_DDM_3_20260730,E,DDM x3,19.90,3.99,272,yes
MexB_DDM_3_20260730,E,DDM x3,20.01,4.01,268,yes
MexB_DDM_3_20260730,E,DDM x3,20.14,4.03,269,yes
MexB_DDM_3_20260730,E,DDM x3,20.27,4.04,272,yes
MexB_DDM_3_20260730,E,DDM x3,20.39,4.06,272,yes
MexB_DDM_3_20260730,E,DDM x3,20.52,4.08,272,yes
MexB_DDM_3_20260730,E,DDM x3,20.64,4.09,274,yes
MexB_DDM_3_20260730,E,DDM x3,20.77,4.10,275,yes
MexB_DDM_3_20260730,E,DDM x3,20.90,4.12,276,yes
MexB_DDM_3_20260730,E,DDM x3,21.02,4.13,275,yes
MexB_DDM_3_20260730,E,DDM x3,21.15,4.15,275,yes
MexB_DDM_3_20260730,E,DDM x3,21.27,4.14,273,yes
MexB_DDM_3_20260730,E,DDM x3,21.40,4.14,272,yes
MexB_DDM_3_20260730,E,DDM x3,21.53,4.15,275,yes
MexB_DDM_3_20260730,E,DDM x3,21.65,4.15,275,yes
MexB_DDM_3_20260730,E,DDM x3,21.78,4.16,276,yes
MexB_DDM_3_20260730,E,DDM x3,21.90,4.15,279,yes
MexB_DDM_3_20260730,E,DDM x3,22.02,4.15,281,yes
MexB_DDM_3_20260730,E,DDM x3,22.15,4.15,282,yes
MexB_DDM_3_20260730,E,DDM x3,22.27,4.14,280,yes
MexB_DDM_3_20260730,E,DDM x3,22.39,4.14,281,yes
MexB_DDM_3_20260730,E,DDM x3,22.51,4.14,281,yes
MexB_DDM_3_20260730,E,DDM x3,22.64,4.14,281,yes
MexB_DDM_3_20260730,E,DDM x3,22.76,4.14,283,yes
MexB_DDM_3_20260730,E,DDM x3,22.88,4.14,285,yes
MexB_DDM_3_20260730,E,DDM x3,23.01,4.15,287,yes
MexB_DDM_3_20260730,E,DDM x3,23.14,4.14,288,yes
MexB_DDM_3_20260730,E,DDM x3,23.28,4.14,287,yes
MexB_DDM_3_20260730,E,DDM x3,23.42,4.14,291,yes
MexB_DDM_3_20260730,E,DDM x3,23.56,4.15,293,yes
MexB_DDM_3_20260730,E,DDM x3,23.69,4.14,293,yes
MexB_DDM_3_20260730,E,DDM x3,23.82,4.13,292,yes
MexB_DDM_3_20260730,E,DDM x3,23.95,4.12,294,yes
MexB_DDM_3_20260730,E,DDM x3,24.06,4.09,296,yes
MexB_DDM_3_20260730,E,DDM x3,24.16,4.06,297,yes
MexB_DDM_3_20260730,E,DDM x3,24.23,4.01,298,yes
MexB_DDM_3_20260730,E,DDM x3,24.24,4.02,298,yes
MexB_DDM_3_20260730,E,DDM x3,24.30,4.03,298,yes
MexB_DDM_3_20260730,E,DDM x3,24.35,4.06,299,yes
MexB_DDM_3_20260730,E,DDM x3,24.47,4.11,295,yes
MexB_DDM_3_20260730,E,DDM x3,24.59,4.15,294,yes
MexB_DDM_3_20260730,E,DDM x3,24.72,4.19,292,yes
MexB_DDM_3_20260730,E,DDM x3,24.84,4.22,292,yes
MexB_DDM_3_20260730,E,DDM x3,24.97,4.26,292,yes
MexB_DDM_3_20260730,E,DDM x3,25.08,4.26,291,yes
MexB_DDM_3_20260730,E,DDM x3,25.20,4.27,290,yes
MexB_DDM_3_20260730,E,DDM x3,25.31,4.27,288,yes
MexB_DDM_3_20260730,E,DDM x3,25.43,4.28,283,yes
MexB_DDM_3_20260730,E,DDM x3,25.56,4.26,282,yes
MexB_DDM_3_20260730,E,DDM x3,25.69,4.23,283,yes
MexB_DDM_3_20260730,E,DDM x3,25.82,4.21,280,yes
MexB_DDM_3_20260730,E,DDM x3,25.94,4.19,276,yes
MexB_DDM_3_20260730,E,DDM x3,26.06,4.16,276,yes
MexB_DDM_3_20260730,E,DDM x3,26.19,4.13,274,yes
MexB_DDM_3_20260730,E,DDM x3,26.31,4.10,272,yes
MexB_DDM_3_20260730,E,DDM x3,26.43,4.07,272,yes
MexB_DDM_3_20260730,E,DDM x3,26.55,4.04,271,yes
MexB_DDM_3_20260730,E,DDM x3,26.67,4.01,270,yes
MexB_DDM_3_20260730,E,DDM x3,26.79,3.98,269,yes
MexB_DDM_3_20260730,E,DDM x3,26.88,3.96,267,yes
MexB_DDM_3_20260730,E,DDM x3,26.97,3.94,267,yes
MexB_DDM_3_20260730,E,DDM x3,27.08,3.93,263,yes
MexB_DDM_3_20260730,E,DDM x3,27.21,3.95,261,yes
MexB_DDM_3_20260730,E,DDM x3,27.33,3.97,263,yes
MexB_DDM_3_20260730,E,DDM x3,27.46,3.98,261,yes
MexB_DDM_3_20260730,E,DDM x3,27.59,3.98,260,yes
MexB_DDM_3_20260730,E,DDM x3,27.71,4.00,263,yes
MexB_DDM_3_20260730,E,DDM x3,27.84,4.01,262,yes
MexB_DDM_3_20260730,E,DDM x3,27.97,4.00,260,yes
MexB_DDM_3_20260730,E,DDM x3,28.10,3.99,262,yes
MexB_DDM_3_20260730,E,DDM x3,28.24,3.98,263,yes
MexB_DDM_3_20260730,E,DDM x3,28.37,3.97,259,yes
MexB_DDM_3_20260730,E,DDM x3,28.50,3.97,258,yes
MexB_DDM_3_20260730,E,DDM x3,28.63,3.94,257,yes
MexB_DDM_3_20260730,E,DDM x3,28.77,3.92,253,yes
MexB_DDM_3_20260730,E,DDM x3,28.90,3.89,252,yes
MexB_DDM_3_20260730,E,DDM x3,29.03,3.87,249,yes
MexB_DDM_3_20260730,E,DDM x3,29.17,3.86,249,yes
MexB_DDM_3_20260730,E,DDM x3,29.30,3.82,247,yes
MexB_DDM_3_20260730,E,DDM x3,29.43,3.78,247,yes
MexB_DDM_3_20260730,E,DDM x3,29.56,3.75,250,yes
MexB_DDM_3_20260730,E,DDM x3,29.69,3.70,248,yes
MexB_DDM_3_20260730,E,DDM x3,29.82,3.65,247,yes
MexB_DDM_3_20260730,E,DDM x3,29.95,3.61,245,yes
MexB_DDM_3_20260730,E,DDM x3,30.09,3.57,247,yes
MexB_DDM_3_20260730,E,DDM x3,30.23,3.54,242,yes
MexB_DDM_3_20260730,E,DDM x3,30.37,3.51,244,yes
MexB_DDM_3_20260730,E,DDM x3,30.52,3.45,244,yes
MexB_DDM_3_20260730,E,DDM x3,30.67,3.40,243,yes
MexB_DDM_3_20260730,E,DDM x3,30.82,3.35,238,yes
MexB_DDM_3_20260730,E,DDM x3,30.96,3.29,238,yes
MexB_DDM_3_20260730,E,DDM x3,31.10,3.24,238,yes
MexB_DDM_3_20260730,E,DDM x3,31.25,3.19,242,yes
MexB_DDM_3_20260730,E,DDM x3,31.36,3.15,239,yes
MexB_DDM_3_20260730,E,DDM x3,31.47,3.11,239,yes
MexB_DDM_3_20260730,E,DDM x3,31.59,3.07,241,yes
MexB_DDM_3_20260730,E,DDM x3,31.70,3.03,241,yes
MexB_DDM_3_20260730,E,DDM x3,31.83,3.00,241,yes
MexB_DDM_3_20260730,E,DDM x3,31.95,2.96,242,yes
MexB_DDM_3_20260730,E,DDM x3,32.07,2.93,243,yes
MexB_DDM_3_20260730,E,DDM x3,32.20,2.91,246,yes
MexB_DDM_3_20260730,E,DDM x3,32.33,2.88,246,yes
MexB_DDM_3_20260730,E,DDM x3,32.46,2.86,249,yes
MexB_DDM_3_20260730,E,DDM x3,32.59,2.85,248,yes
MexB_DDM_3_20260730,E,DDM x3,32.72,2.83,248,yes
MexB_DDM_3_20260730,E,DDM x3,32.86,2.82,249,yes
MexB_DDM_3_20260730,E,DDM x3,33.00,2.81,252,yes
MexB_DDM_3_20260730,E,DDM x3,33.13,2.80,252,yes
MexB_DDM_3_20260730,E,DDM x3,33.27,2.80,247,yes
MexB_DDM_3_20260730,E,DDM x3,33.40,2.79,251,yes
MexB_DDM_3_20260730,E,DDM x3,33.54,2.78,252,yes
MexB_DDM_3_20260730,E,DDM x3,33.67,2.78,250,yes
MexB_DDM_3_20260730,E,DDM x3,33.81,2.78,254,yes
MexB_DDM_3_20260730,E,DDM x3,33.94,2.77,251,yes
MexB_DDM_3_20260730,E,DDM x3,34.06,2.76,251,yes
MexB_DDM_3_20260730,E,DDM x3,34.19,2.76,251,yes
MexB_DDM_3_20260730,E,DDM x3,34.32,2.76,251,yes
MexB_DDM_3_20260730,E,DDM x3,34.45,2.76,248,yes
MexB_DDM_3_20260730,E,DDM x3,34.58,2.77,246,yes
MexB_DDM_3_20260730,E,DDM x3,34.71,2.77,245,yes
MexB_DDM_3_20260730,E,DDM x3,34.84,2.78,245,yes
MexB_DDM_3_20260730,E,DDM x3,34.98,2.79,247,yes
MexB_DDM_3_20260730,E,DDM x3,35.12,2.79,247,yes
MexB_DDM_3_20260730,E,DDM x3,35.25,2.80,246,yes
MexB_DDM_3_20260730,E,DDM x3,35.39,2.81,247,yes
MexB_DDM_3_20260730,E,DDM x3,35.51,2.80,251,yes
MexB_DDM_3_20260730,E,DDM x3,35.63,2.80,252,yes
MexB_DDM_3_20260730,E,DDM x3,35.76,2.79,248,yes
MexB_DDM_3_20260730,E,DDM x3,35.88,2.79,248,yes
MexB_DDM_3_20260730,E,DDM x3,35.99,2.78,249,yes
MexB_DDM_3_20260730,E,DDM x3,36.11,2.77,247,yes
MexB_DDM_3_20260730,E,DDM x3,36.22,2.76,248,yes
MexB_DDM_3_20260730,E,DDM x3,36.34,2.76,249,yes
MexB_DDM_3_20260730,E,DDM x3,36.45,2.75,247,yes
MexB_DDM_3_20260730,E,DDM x3,36.57,2.74,245,yes
MexB_DDM_3_20260730,E,DDM x3,36.68,2.73,245,yes
MexB_DDM_3_20260730,E,DDM x3,36.79,2.73,243,yes
MexB_DDM_3_20260730,E,DDM x3,36.93,2.73,245,yes
MexB_DDM_3_20260730,E,DDM x3,37.07,2.73,244,yes
MexB_DDM_3_20260730,E,DDM x3,37.20,2.74,243,yes
MexB_DDM_3_20260730,E,DDM x3,37.33,2.75,241,yes
MexB_DDM_3_20260730,E,DDM x3,37.45,2.76,240,yes
MexB_DDM_3_20260730,E,DDM x3,37.57,2.77,242,yes
MexB_DDM_3_20260730,E,DDM x3,37.68,2.74,240,yes
MexB_DDM_3_20260730,E,DDM x3,37.79,2.72,239,yes
MexB_DDM_3_20260730,E,DDM x3,37.90,2.70,236,yes
MexB_DDM_3_20260730,E,DDM x3,38.01,2.67,238,yes
MexB_DDM_3_20260730,E,DDM x3,38.11,2.64,238,yes
MexB_DDM_3_20260730,E,DDM x3,38.22,2.61,236,yes
MexB_DDM_3_20260730,E,DDM x3,38.31,2.59,236,yes
MexB_DDM_3_20260730,E,DDM x3,38.41,2.57,237,yes
MexB_DDM_3_20260730,E,DDM x3,38.52,2.54,238,yes
MexB_DDM_3_20260730,E,DDM x3,38.63,2.53,237,yes
MexB_DDM_3_20260730,E,DDM x3,38.74,2.52,237,yes
MexB_DDM_3_20260730,E,DDM x3,38.86,2.50,239,yes
MexB_DDM_3_20260730,E,DDM x3,38.99,2.48,238,yes
MexB_DDM_3_20260730,E,DDM x3,39.11,2.47,235,yes
MexB_DDM_3_20260730,E,DDM x3,39.26,2.45,234,yes
MexB_DDM_3_20260730,E,DDM x3,39.41,2.44,233,yes
MexB_DDM_3_20260730,E,DDM x3,39.56,2.44,233,yes
MexB_DDM_3_20260730,E,DDM x3,39.71,2.44,230,yes
MexB_DDM_3_20260730,E,DDM x3,39.86,2.43,232,yes
MexB_DDM_3_20260730,E,DDM x3,40.00,2.43,229,yes
MexB_DDM_3_20260730,E,DDM x3,40.15,2.43,228,yes
MexB_DDM_3_20260730,E,DDM x3,40.29,2.44,226,yes
MexB_DDM_3_20260730,E,DDM x3,40.44,2.46,226,yes
MexB_DDM_3_20260730,E,DDM x3,40.58,2.47,226,yes
MexB_DDM_3_20260730,E,DDM x3,40.73,2.48,227,yes
MexB_DDM_3_20260730,E,DDM x3,40.87,2.50,227,yes
MexB_DDM_3_20260730,E,DDM x3,41.02,2.52,227,yes
MexB_DDM_3_20260730,E,DDM x3,41.16,2.55,225,yes
MexB_DDM_3_20260730,E,DDM x3,41.28,2.57,225,yes
MexB_DDM_3_20260730,E,DDM x3,41.41,2.60,226,yes
MexB_DDM_3_20260730,E,DDM x3,41.53,2.62,227,yes
MexB_DDM_3_20260730,E,DDM x3,41.65,2.65,224,yes
MexB_DDM_3_20260730,E,DDM x3,41.77,2.69,225,yes
MexB_DDM_3_20260730,E,DDM x3,41.91,2.73,226,yes
MexB_DDM_3_20260730,E,DDM x3,42.05,2.78,225,yes
MexB_DDM_3_20260730,E,DDM x3,42.19,2.82,225,yes
MexB_DDM_3_20260730,E,DDM x3,42.32,2.89,223,yes
MexB_DDM_3_20260730,E,DDM x3,42.45,2.95,222,yes
MexB_DDM_3_20260730,E,DDM x3,42.60,3.01,220,yes
MexB_DDM_3_20260730,E,DDM x3,42.75,3.07,221,yes
MexB_DDM_3_20260730,E,DDM x3,42.86,3.11,221,yes
MexB_DDM_3_20260730,E,DDM x3,42.96,3.15,219,yes
MexB_DDM_3_20260730,E,DDM x3,43.07,3.19,221,yes
MexB_DDM_3_20260730,E,DDM x3,43.19,3.22,224,yes
MexB_DDM_3_20260730,E,DDM x3,43.30,3.26,232,yes
MexB_DDM_3_20260730,E,DDM x3,43.42,3.29,230,yes
MexB_DDM_3_20260730,E,DDM x3,43.49,3.29,229,yes
MexB_DDM_3_20260730,E,DDM x3,43.56,3.29,228,yes
MexB_DDM_3_20260730,E,DDM x3,43.65,3.29,231,yes
MexB_DDM_3_20260730,E,DDM x3,43.73,3.28,232,yes
MexB_DDM_3_20260730,E,DDM x3,43.85,3.27,230,yes
MexB_DDM_3_20260730,E,DDM x3,43.98,3.27,226,yes
MexB_DDM_3_20260730,E,DDM x3,44.09,3.26,224,yes
MexB_DDM_3_20260730,E,DDM x3,44.20,3.26,227,yes
MexB_DDM_3_20260730,E,DDM x3,44.31,3.25,227,yes
MexB_DDM_3_20260730,E,DDM x3,44.45,3.24,225,yes
MexB_DDM_3_20260730,E,DDM x3,44.59,3.24,222,yes
MexB_DDM_3_20260730,E,DDM x3,44.73,3.24,222,yes
MexB_DDM_3_20260730,E,DDM x3,44.85,3.24,221,yes
MexB_DDM_3_20260730,E,DDM x3,44.97,3.24,221,yes
MexB_DDM_3_20260730,E,DDM x3,45.10,3.25,224,yes
MexB_DDM_3_20260730,E,DDM x3,45.22,3.26,225,yes
MexB_DDM_3_20260730,E,DDM x3,45.35,3.27,225,yes
MexB_DDM_3_20260730,E,DDM x3,45.48,3.28,220,yes
MexB_DDM_3_20260730,E,DDM x3,45.62,3.30,218,yes
MexB_DDM_3_20260730,E,DDM x3,45.75,3.32,219,yes
MexB_DDM_3_20260730,E,DDM x3,45.88,3.34,214,yes
MexB_DDM_3_20260730,E,DDM x3,46.01,3.37,213,yes
MexB_DDM_3_20260730,E,DDM x3,46.14,3.40,212,yes
MexB_DDM_3_20260730,E,DDM x3,46.27,3.43,209,yes
MexB_DDM_3_20260730,E,DDM x3,46.40,3.46,209,yes
MexB_DDM_3_20260730,E,DDM x3,46.53,3.50,207,yes
MexB_DDM_3_20260730,E,DDM x3,46.66,3.55,205,yes
MexB_DDM_3_20260730,E,DDM x3,46.79,3.59,205,yes
MexB_DDM_3_20260730,E,DDM x3,46.93,3.62,203,yes
MexB_DDM_3_20260730,E,DDM x3,47.07,3.65,203,yes
MexB_DDM_3_20260730,E,DDM x3,47.21,3.68,203,yes
MexB_DDM_3_20260730,E,DDM x3,47.34,3.71,204,yes
MexB_DDM_3_20260730,E,DDM x3,47.47,3.72,206,yes
MexB_DDM_3_20260730,E,DDM x3,47.59,3.73,206,yes
MexB_DDM_3_20260730,E,DDM x3,47.71,3.75,205,yes
MexB_DDM_3_20260730,E,DDM x3,47.83,3.76,204,yes
MexB_DDM_3_20260730,E,DDM x3,47.95,3.78,201,yes
MexB_DDM_3_20260730,E,DDM x3,48.09,3.77,200,no
MexB_DDM_3_20260730,E,DDM x3,48.22,3.76,197,no
MexB_DDM_3_20260730,E,DDM x3,48.36,3.76,196,no
MexB_DDM_3_20260730,E,DDM x3,48.50,3.76,193,no
MexB_DDM_3_20260730,E,DDM x3,48.65,3.72,194,no
MexB_DDM_3_20260730,E,DDM x3,48.80,3.69,192,no
MexB_DDM_3_20260730,E,DDM x3,48.95,3.67,196,no
MexB_DDM_3_20260730,E,DDM x3,49.05,3.62,194,no
MexB_DDM_3_20260730,E,DDM x3,49.15,3.57,192,no
MexB_DDM_3_20260730,E,DDM x3,49.17,3.57,192,no
MexB_DDM_3_20260730,E,DDM x3,49.26,3.64,193,no
MexB_DDM_3_20260730,E,DDM x3,49.34,3.71,196,no
MexB_DDM_3_20260730,E,DDM x3,49.47,3.78,195,no
MexB_DDM_3_20260730,E,DDM x3,49.61,3.85,194,no
MexB_DDM_3_20260730,E,DDM x3,49.74,3.92,193,no
MexB_DDM_3_20260730,E,DDM x3,49.89,3.98,192,no
MexB_DDM_3_20260730,E,DDM x3,50.03,4.01,192,no
MexB_DDM_3_20260730,E,DDM x3,50.18,4.04,186,no
MexB_DDM_3_20260730,E,DDM x3,50.33,4.07,185,no
MexB_DDM_3_20260730,E,DDM x3,50.46,4.08,184,no
MexB_DDM_3_20260730,E,DDM x3,50.59,4.10,181,no
MexB_DDM_3_20260730,E,DDM x3,50.73,4.11,178,no
MexB_DDM_3_20260730,E,DDM x3,50.86,4.14,175,no
MexB_DDM_3_20260730,E,DDM x3,50.99,4.16,175,no
MexB_DDM_3_20260730,E,DDM x3,51.11,4.17,174,no
MexB_DDM_3_20260730,E,DDM x3,51.24,4.18,171,no
MexB_DDM_3_20260730,E,DDM x3,51.37,4.19,171,no
MexB_DDM_3_20260730,E,DDM x3,51.49,4.21,166,no
MexB_DDM_3_20260730,E,DDM x3,51.62,4.22,165,no
MexB_DDM_3_20260730,E,DDM x3,51.74,4.24,163,no
MexB_DDM_3_20260730,E,DDM x3,51.86,4.25,163,no
MexB_DDM_3_20260730,E,DDM x3,51.98,4.26,163,no
MexB_DDM_3_20260730,E,DDM x3,52.10,4.28,157,no
MexB_DDM_3_20260730,E,DDM x3,52.22,4.30,160,no
MexB_DDM_3_20260730,E,DDM x3,52.35,4.31,158,no
MexB_DDM_3_20260730,E,DDM x3,52.48,4.31,157,no
MexB_DDM_3_20260730,E,DDM x3,52.60,4.32,157,no
MexB_DDM_3_20260730,E,DDM x3,52.73,4.34,154,no
MexB_DDM_3_20260730,E,DDM x3,52.85,4.35,151,no
MexB_DDM_3_20260730,E,DDM x3,52.99,4.35,149,no
MexB_DDM_3_20260730,E,DDM x3,53.13,4.36,151,no
MexB_DDM_3_20260730,E,DDM x3,53.27,4.37,149,no
MexB_DDM_3_20260730,E,DDM x3,53.41,4.38,142,no
MexB_DDM_3_20260730,E,DDM x3,53.55,4.39,137,no
MexB_DDM_3_20260730,E,DDM x3,53.68,4.39,132,no
MexB_DDM_3_20260730,E,DDM x3,53.82,4.39,131,no
MexB_DDM_3_20260730,E,DDM x3,53.96,4.39,129,no
MexB_DDM_3_20260730,E,DDM x3,54.10,4.40,128,no
MexB_DDM_3_20260730,E,DDM x3,54.24,4.41,127,no
MexB_DDM_3_20260730,E,DDM x3,54.38,4.40,122,no
MexB_DDM_3_20260730,E,DDM x3,54.53,4.39,123,no
MexB_DDM_3_20260730,E,DDM x3,54.67,4.38,122,no
MexB_DDM_3_20260730,E,DDM x3,54.81,4.38,122,no
MexB_DDM_3_20260730,E,DDM x3,54.93,4.36,116,no
MexB_DDM_3_20260730,E,DDM x3,55.05,4.35,117,no
MexB_DDM_3_20260730,E,DDM x3,55.16,4.34,116,no
MexB_DDM_3_20260730,E,DDM x3,55.28,4.31,119,no
MexB_DDM_3_20260730,E,DDM x3,55.39,4.30,119,no
MexB_DDM_3_20260730,E,DDM x3,55.51,4.29,117,no
MexB_DDM_3_20260730,E,DDM x3,55.63,4.28,118,no
MexB_DDM_3_20260730,E,DDM x3,55.75,4.29,117,no
MexB_DDM_3_20260730,E,DDM x3,55.87,4.29,122,no
MexB_DDM_3_20260730,E,DDM x3,55.99,4.29,121,no
MexB_DDM_3_20260730,E,DDM x3,56.12,4.28,121,no
MexB_DDM_3_20260730,E,DDM x3,56.22,4.28,124,no
MexB_DDM_3_20260730,E,DDM x3,56.33,4.29,124,no
MexB_DDM_3_20260730,E,DDM x3,56.44,4.30,126,no
MexB_DDM_3_20260730,E,DDM x3,56.57,4.30,126,no
MexB_DDM_3_20260730,E,DDM x3,56.70,4.31,126,no
MexB_DDM_3_20260730,E,DDM x3,56.83,4.32,126,no
MexB_DDM_3_20260730,E,DDM x3,56.95,4.32,129,no
MexB_DDM_3_20260730,E,DDM x3,57.07,4.33,130,no
MexB_DDM_3_20260730,E,DDM x3,57.18,4.33,131,no
MexB_DDM_3_20260730,E,DDM x3,57.30,4.30,135,no
MexB_DDM_3_20260730,E,DDM x3,57.42,4.26,136,no
MexB_DDM_3_20260730,E,DDM x3,57.54,4.20,136,no
MexB_DDM_3_20260730,E,DDM x3,57.63,4.19,140,no
MexB_DDM_3_20260730,E,DDM x3,57.73,4.19,141,no
MexB_DDM_3_20260730,E,DDM x3,57.84,4.18,145,no
MexB_DDM_3_20260730,E,DDM x3,57.95,4.18,147,no
MexB_DDM_3_20260730,E,DDM x3,58.06,4.18,148,no
MexB_DDM_3_20260730,E,DDM x3,58.19,4.15,149,no
MexB_DDM_3_20260730,E,DDM x3,58.33,4.13,154,no
MexB_DDM_3_20260730,E,DDM x3,58.47,4.11,156,no
MexB_DDM_3_20260730,E,DDM x3,58.59,4.07,156,no
MexB_DDM_3_20260730,E,DDM x3,58.71,4.03,156,no
MexB_DDM_3_20260730,E,DDM x3,58.84,3.99,158,no
MexB_DDM_3_20260730,E,DDM x3,58.95,3.93,157,no
MexB_DDM_3_20260730,E,DDM x3,59.07,3.88,158,no
MexB_DDM_3_20260730,E,DDM x3,59.14,3.85,159,no
MexB_DDM_3_20260730,E,DDM x3,59.15,3.85,159,no
MexB_DDM_3_20260730,E,DDM x3,59.24,3.87,158,no
MexB_DDM_3_20260730,E,DDM x3,59.36,3.89,160,no
MexB_DDM_3_20260730,E,DDM x3,59.49,3.91,162,no
MexB_DDM_3_20260730,E,DDM x3,59.61,3.93,163,no
MexB_DDM_3_20260730,E,DDM x3,59.73,3.94,165,no
MexB_DDM_3_20260730,E,DDM x3,59.85,3.95,169,no
MexB_DDM_3_20260730,E,DDM x3,59.97,3.96,168,no
MexB_DDM_3_20260730,E,DDM x3,60.10,3.98,172,no
MexB_DDM_3_20260730,E,DDM x3,60.22,4.00,175,no
MexB_DDM_3_20260730,E,DDM x3,60.34,3.97,176,no
MexB_DDM_3_20260730,E,DDM x3,60.46,3.95,180,no
MexB_DDM_3_20260730,E,DDM x3,60.57,3.91,181,no
MexB_DDM_3_20260730,E,DDM x3,60.68,3.86,183,no
MexB_DDM_3_20260730,E,DDM x3,60.78,3.82,184,no
MexB_DDM_3_20260730,E,DDM x3,60.88,3.77,183,no
MexB_DDM_3_20260730,E,DDM x3,61.03,3.72,182,no
MexB_DDM_3_20260730,E,DDM x3,61.09,3.69,183,no
MexB_DDM_3_20260730,E,DDM x3,61.18,3.71,183,no
MexB_DDM_3_20260730,E,DDM x3,61.25,3.72,182,no
MexB_DDM_3_20260730,E,DDM x3,61.35,3.69,183,no
MexB_DDM_3_20260730,E,DDM x3,61.49,3.62,185,no
MexB_DDM_3_20260730,E,DDM x3,61.64,3.51,185,no
MexB_DDM_3_20260730,E,DDM x3,61.77,3.43,186,no
MexB_DDM_3_20260730,E,DDM x3,61.90,3.34,186,no
MexB_DDM_3_20260730,E,DDM x3,62.03,3.26,187,no
3W9J,B,EPI,0.00,1.48,253,yes
3W9J,B,EPI,0.13,1.56,249,yes
3W9J,B,EPI,0.26,1.65,250,yes
3W9J,B,EPI,0.39,1.74,253,yes
3W9J,B,EPI,0.52,1.83,257,yes
3W9J,B,EPI,0.66,1.92,255,yes
3W9J,B,EPI,0.79,2.02,249,yes
3W9J,B,EPI,0.92,2.12,247,yes
3W9J,B,EPI,1.06,2.22,250,yes
3W9J,B,EPI,1.20,2.29,250,yes
3W9J,B,EPI,1.34,2.37,247,yes
3W9J,B,EPI,1.48,2.46,250,yes
3W9J,B,EPI,1.62,2.54,251,yes
3W9J,B,EPI,1.77,2.63,250,yes
3W9J,B,EPI,1.90,2.67,249,yes
3W9J,B,EPI,2.04,2.72,248,yes
3W9J,B,EPI,2.17,2.77,249,yes
3W9J,B,EPI,2.31,2.82,253,yes
3W9J,B,EPI,2.44,2.88,252,yes
3W9J,B,EPI,2.58,2.94,256,yes
3W9J,B,EPI,2.71,2.94,254,yes
3W9J,B,EPI,2.84,2.95,257,yes
3W9J,B,EPI,2.97,2.96,255,yes
3W9J,B,EPI,3.10,2.97,252,yes
3W9J,B,EPI,3.23,2.99,254,yes
3W9J,B,EPI,3.36,3.01,257,yes
3W9J,B,EPI,3.50,2.99,257,yes
3W9J,B,EPI,3.64,2.98,259,yes
3W9J,B,EPI,3.78,2.97,258,yes
3W9J,B,EPI,3.92,2.96,254,yes
3W9J,B,EPI,4.06,2.96,254,yes
3W9J,B,EPI,4.20,2.96,254,yes
3W9J,B,EPI,4.34,2.96,252,yes
3W9J,B,EPI,4.48,2.96,252,yes
3W9J,B,EPI,4.62,2.96,253,yes
3W9J,B,EPI,4.76,2.97,252,yes
3W9J,B,EPI,4.91,2.98,252,yes
3W9J,B,EPI,5.05,3.00,251,yes
3W9J,B,EPI,5.18,3.02,249,yes
3W9J,B,EPI,5.30,3.04,247,yes
3W9J,B,EPI,5.43,3.06,250,yes
3W9J,B,EPI,5.56,3.08,247,yes
3W9J,B,EPI,5.69,3.11,247,yes
3W9J,B,EPI,5.82,3.14,248,yes
3W9J,B,EPI,5.95,3.17,247,yes
3W9J,B,EPI,6.08,3.19,246,yes
3W9J,B,EPI,6.21,3.22,241,yes
3W9J,B,EPI,6.34,3.26,242,yes
3W9J,B,EPI,6.47,3.29,239,yes
3W9J,B,EPI,6.60,3.33,242,yes
3W9J,B,EPI,6.73,3.34,238,yes
3W9J,B,EPI,6.87,3.34,240,yes
3W9J,B,EPI,7.00,3.35,240,yes
3W9J,B,EPI,7.13,3.34,238,yes
3W9J,B,EPI,7.26,3.33,236,yes
3W9J,B,EPI,7.39,3.33,238,yes
3W9J,B,EPI,7.51,3.32,239,yes
3W9J,B,EPI,7.63,3.31,239,yes
3W9J,B,EPI,7.75,3.30,240,yes
3W9J,B,EPI,7.87,3.29,240,yes
3W9J,B,EPI,7.99,3.28,240,yes
3W9J,B,EPI,8.11,3.27,239,yes
3W9J,B,EPI,8.24,3.26,238,yes
3W9J,B,EPI,8.36,3.26,239,yes
3W9J,B,EPI,8.48,3.26,235,yes
3W9J,B,EPI,8.63,3.27,236,yes
3W9J,B,EPI,8.77,3.27,239,yes
3W9J,B,EPI,8.92,3.27,237,yes
3W9J,B,EPI,9.06,3.27,239,yes
3W9J,B,EPI,9.20,3.28,238,yes
3W9J,B,EPI,9.33,3.27,235,yes
3W9J,B,EPI,9.46,3.26,234,yes
3W9J,B,EPI,9.58,3.26,232,yes
3W9J,B,EPI,9.71,3.26,232,yes
3W9J,B,EPI,9.84,3.26,231,yes
3W9J,B,EPI,9.96,3.27,235,yes
3W9J,B,EPI,10.10,3.25,237,yes
3W9J,B,EPI,10.23,3.23,236,yes
3W9J,B,EPI,10.37,3.22,236,yes
3W9J,B,EPI,10.50,3.21,236,yes
3W9J,B,EPI,10.63,3.21,233,yes
3W9J,B,EPI,10.77,3.21,233,yes
3W9J,B,EPI,10.91,3.18,240,yes
3W9J,B,EPI,11.06,3.16,238,yes
3W9J,B,EPI,11.20,3.14,238,yes
3W9J,B,EPI,11.35,3.13,241,yes
3W9J,B,EPI,11.49,3.12,245,yes
3W9J,B,EPI,11.64,3.11,250,yes
3W9J,B,EPI,11.78,3.10,251,yes
3W9J,B,EPI,11.92,3.09,250,yes
3W9J,B,EPI,12.05,3.08,250,yes
3W9J,B,EPI,12.19,3.08,251,yes
3W9J,B,EPI,12.33,3.08,250,yes
3W9J,B,EPI,12.47,3.08,252,yes
3W9J,B,EPI,12.60,3.09,257,yes
3W9J,B,EPI,12.75,3.08,261,yes
3W9J,B,EPI,12.90,3.07,263,yes
3W9J,B,EPI,13.05,3.07,263,yes
3W9J,B,EPI,13.19,3.07,265,yes
3W9J,B,EPI,13.34,3.07,262,yes
3W9J,B,EPI,13.49,3.08,258,yes
3W9J,B,EPI,13.63,3.10,263,yes
3W9J,B,EPI,13.77,3.09,260,yes
3W9J,B,EPI,13.90,3.09,260,yes
3W9J,B,EPI,14.03,3.09,262,yes
3W9J,B,EPI,14.16,3.10,263,yes
3W9J,B,EPI,14.29,3.11,264,yes
3W9J,B,EPI,14.43,3.12,265,yes
3W9J,B,EPI,14.56,3.14,267,yes
3W9J,B,EPI,14.69,3.16,270,yes
3W9J,B,EPI,14.83,3.16,271,yes
3W9J,B,EPI,14.98,3.17,273,yes
3W9J,B,EPI,15.12,3.18,277,yes
3W9J,B,EPI,15.27,3.20,275,yes
3W9J,B,EPI,15.41,3.22,271,yes
3W9J,B,EPI,15.56,3.24,269,yes
3W9J,B,EPI,15.70,3.27,270,yes
3W9J,B,EPI,15.84,3.29,268,yes
3W9J,B,EPI,15.99,3.31,266,yes
3W9J,B,EPI,16.14,3.34,264,yes
3W9J,B,EPI,16.28,3.37,267,yes
3W9J,B,EPI,16.43,3.40,266,yes
3W9J,B,EPI,16.57,3.44,267,yes
3W9J,B,EPI,16.71,3.47,266,yes
3W9J,B,EPI,16.85,3.51,268,yes
3W9J,B,EPI,16.99,3.55,265,yes
3W9J,B,EPI,17.14,3.57,261,yes
3W9J,B,EPI,17.28,3.59,266,yes
3W9J,B,EPI,17.40,3.61,268,yes
3W9J,B,EPI,17.53,3.63,270,yes
3W9J,B,EPI,17.65,3.66,269,yes
3W9J,B,EPI,17.77,3.69,268,yes
3W9J,B,EPI,17.90,3.72,267,yes
3W9J,B,EPI,18.03,3.74,270,yes
3W9J,B,EPI,18.17,3.76,269,yes
3W9J,B,EPI,18.31,3.79,272,yes
3W9J,B,EPI,18.44,3.82,273,yes
3W9J,B,EPI,18.58,3.85,277,yes
3W9J,B,EPI,18.72,3.86,275,yes
3W9J,B,EPI,18.86,3.88,272,yes
3W9J,B,EPI,19.01,3.89,273,yes
3W9J,B,EPI,19.15,3.91,276,yes
3W9J,B,EPI,19.29,3.94,280,yes
3W9J,B,EPI,19.42,3.92,275,yes
3W9J,B,EPI,19.55,3.90,277,yes
3W9J,B,EPI,19.67,3.89,278,yes
3W9J,B,EPI,19.80,3.88,279,yes
3W9J,B,EPI,19.93,3.87,281,yes
3W9J,B,EPI,20.06,3.83,288,yes
3W9J,B,EPI,20.19,3.79,291,yes
3W9J,B,EPI,20.32,3.75,292,yes
3W9J,B,EPI,20.45,3.72,294,yes
3W9J,B,EPI,20.58,3.68,294,yes
3W9J,B,EPI,20.72,3.63,290,yes
3W9J,B,EPI,20.85,3.57,291,yes
3W9J,B,EPI,20.99,3.51,293,yes
3W9J,B,EPI,21.12,3.45,296,yes
3W9J,B,EPI,21.24,3.40,301,yes
3W9J,B,EPI,21.35,3.36,303,yes
3W9J,B,EPI,21.46,3.31,304,yes
3W9J,B,EPI,21.60,3.30,307,yes
3W9J,B,EPI,21.75,3.30,307,yes
3W9J,B,EPI,21.86,3.32,308,yes
3W9J,B,EPI,21.97,3.34,307,yes
3W9J,B,EPI,22.09,3.37,307,yes
3W9J,B,EPI,22.21,3.38,309,yes
3W9J,B,EPI,22.33,3.40,311,yes
3W9J,B,EPI,22.45,3.42,311,yes
3W9J,B,EPI,22.59,3.45,311,yes
3W9J,B,EPI,22.73,3.47,310,yes
3W9J,B,EPI,22.81,3.48,309,yes
3W9J,B,EPI,22.89,3.49,310,yes
3W9J,B,EPI,22.98,3.48,310,yes
3W9J,B,EPI,23.06,3.48,309,yes
3W9J,B,EPI,23.20,3.49,312,yes
3W9J,B,EPI,23.34,3.51,311,yes
3W9J,B,EPI,23.46,3.54,311,yes
3W9J,B,EPI,23.59,3.57,309,yes
3W9J,B,EPI,23.72,3.60,303,yes
3W9J,B,EPI,23.84,3.60,297,yes
3W9J,B,EPI,23.98,3.59,297,yes
3W9J,B,EPI,24.11,3.58,296,yes
3W9J,B,EPI,24.25,3.58,298,yes
3W9J,B,EPI,24.39,3.58,303,yes
3W9J,B,EPI,24.52,3.58,301,yes
3W9J,B,EPI,24.66,3.55,294,yes
3W9J,B,EPI,24.80,3.52,291,yes
3W9J,B,EPI,24.93,3.50,292,yes
3W9J,B,EPI,25.07,3.48,294,yes
3W9J,B,EPI,25.21,3.46,293,yes
3W9J,B,EPI,25.35,3.45,293,yes
3W9J,B,EPI,25.48,3.40,292,yes
3W9J,B,EPI,25.61,3.36,292,yes
3W9J,B,EPI,25.74,3.32,293,yes
3W9J,B,EPI,25.87,3.28,293,yes
3W9J,B,EPI,26.00,3.24,294,yes
3W9J,B,EPI,26.13,3.21,293,yes
3W9J,B,EPI,26.26,3.19,288,yes
3W9J,B,EPI,26.40,3.14,288,yes
3W9J,B,EPI,26.53,3.09,288,yes
3W9J,B,EPI,26.67,3.04,289,yes
3W9J,B,EPI,26.81,3.00,288,yes
3W9J,B,EPI,26.94,2.97,288,yes
3W9J,B,EPI,27.08,2.93,287,yes
3W9J,B,EPI,27.21,2.90,291,yes
3W9J,B,EPI,27.36,2.85,289,yes
3W9J,B,EPI,27.51,2.80,285,yes
3W9J,B,EPI,27.65,2.76,282,yes
3W9J,B,EPI,27.80,2.72,280,yes
3W9J,B,EPI,27.95,2.69,277,yes
3W9J,B,EPI,28.10,2.66,272,yes
3W9J,B,EPI,28.23,2.62,272,yes
3W9J,B,EPI,28.36,2.58,271,yes
3W9J,B,EPI,28.50,2.55,272,yes
3W9J,B,EPI,28.63,2.52,273,yes
3W9J,B,EPI,28.77,2.49,272,yes
3W9J,B,EPI,28.90,2.44,274,yes
3W9J,B,EPI,29.03,2.38,273,yes
3W9J,B,EPI,29.16,2.31,273,yes
3W9J,B,EPI,29.26,2.28,272,yes
3W9J,B,EPI,29.37,2.24,271,yes
3W9J,B,EPI,29.47,2.22,269,yes
3W9J,B,EPI,29.60,2.19,267,yes
3W9J,B,EPI,29.72,2.16,266,yes
3W9J,B,EPI,29.85,2.14,268,yes
3W9J,B,EPI,29.98,2.10,268,yes
3W9J,B,EPI,30.10,2.07,266,yes
3W9J,B,EPI,30.22,2.05,265,yes
3W9J,B,EPI,30.35,2.02,268,yes
3W9J,B,EPI,30.47,1.99,269,yes
3W9J,B,EPI,30.59,1.96,270,yes
3W9J,B,EPI,30.72,1.94,269,yes
3W9J,B,EPI,30.84,1.91,267,yes
3W9J,B,EPI,30.96,1.90,269,yes
3W9J,B,EPI,31.10,1.88,270,yes
3W9J,B,EPI,31.23,1.87,270,yes
3W9J,B,EPI,31.37,1.86,271,yes
3W9J,B,EPI,31.51,1.86,269,yes
3W9J,B,EPI,31.64,1.86,269,yes
3W9J,B,EPI,31.78,1.86,272,yes
3W9J,B,EPI,31.92,1.87,271,yes
3W9J,B,EPI,32.05,1.89,270,yes
3W9J,B,EPI,32.19,1.90,268,yes
3W9J,B,EPI,32.33,1.93,266,yes
3W9J,B,EPI,32.45,1.93,266,yes
3W9J,B,EPI,32.58,1.94,265,yes
3W9J,B,EPI,32.71,1.95,266,yes
3W9J,B,EPI,32.84,1.96,269,yes
3W9J,B,EPI,32.97,1.99,268,yes
3W9J,B,EPI,33.09,1.99,264,yes
3W9J,B,EPI,33.21,1.98,264,yes
3W9J,B,EPI,33.33,1.98,260,yes
3W9J,B,EPI,33.46,1.98,259,yes
3W9J,B,EPI,33.58,1.96,259,yes
3W9J,B,EPI,33.70,1.94,257,yes
3W9J,B,EPI,33.82,1.93,258,yes
3W9J,B,EPI,33.94,1.92,262,yes
3W9J,B,EPI,34.07,1.92,262,yes
3W9J,B,EPI,34.19,1.91,260,yes
3W9J,B,EPI,34.33,1.91,258,yes
3W9J,B,EPI,34.46,1.90,257,yes
3W9J,B,EPI,34.60,1.90,255,yes
3W9J,B,EPI,34.74,1.91,254,yes
3W9J,B,EPI,34.86,1.92,254,yes
3W9J,B,EPI,34.99,1.93,253,yes
3W9J,B,EPI,35.11,1.95,252,yes
3W9J,B,EPI,35.24,1.98,252,yes
3W9J,B,EPI,35.35,1.99,253,yes
3W9J,B,EPI,35.47,2.00,253,yes
3W9J,B,EPI,35.59,2.02,251,yes
3W9J,B,EPI,35.71,2.04,251,yes
3W9J,B,EPI,35.82,2.04,249,yes
3W9J,B,EPI,35.94,2.04,248,yes
3W9J,B,EPI,36.06,2.04,247,yes
3W9J,B,EPI,36.17,2.04,248,yes
3W9J,B,EPI,36.31,2.02,248,yes
3W9J,B,EPI,36.45,2.00,248,yes
3W9J,B,EPI,36.58,1.98,248,yes
3W9J,B,EPI,36.72,1.97,247,yes
3W9J,B,EPI,36.85,1.94,243,yes
3W9J,B,EPI,36.99,1.92,240,yes
3W9J,B,EPI,37.12,1.90,241,yes
3W9J,B,EPI,37.25,1.89,239,yes
3W9J,B,EPI,37.38,1.88,235,yes
3W9J,B,EPI,37.51,1.86,236,yes
3W9J,B,EPI,37.64,1.84,235,yes
3W9J,B,EPI,37.77,1.83,238,yes
3W9J,B,EPI,37.89,1.82,236,yes
3W9J,B,EPI,38.02,1.82,237,yes
3W9J,B,EPI,38.15,1.81,235,yes
3W9J,B,EPI,38.28,1.81,230,yes
3W9J,B,EPI,38.40,1.81,227,yes
3W9J,B,EPI,38.53,1.81,226,yes
3W9J,B,EPI,38.66,1.83,223,yes
3W9J,B,EPI,38.79,1.83,227,yes
3W9J,B,EPI,38.92,1.83,225,yes
3W9J,B,EPI,39.05,1.84,224,yes
3W9J,B,EPI,39.17,1.86,225,yes
3W9J,B,EPI,39.30,1.88,227,yes
3W9J,B,EPI,39.43,1.89,223,yes
3W9J,B,EPI,39.57,1.90,219,yes
3W9J,B,EPI,39.70,1.92,217,yes
3W9J,B,EPI,39.83,1.95,218,yes
3W9J,B,EPI,39.97,1.97,220,yes
3W9J,B,EPI,40.11,1.99,218,yes
3W9J,B,EPI,40.25,2.02,218,yes
3W9J,B,EPI,40.39,2.05,217,yes
3W9J,B,EPI,40.53,2.09,219,yes
3W9J,B,EPI,40.66,2.12,225,yes
3W9J,B,EPI,40.81,2.15,225,yes
3W9J,B,EPI,40.96,2.16,224,yes
3W9J,B,EPI,41.10,2.18,226,yes
3W9J,B,EPI,41.25,2.20,223,yes
3W9J,B,EPI,41.40,2.23,227,yes
3W9J,B,EPI,41.53,2.24,228,yes
3W9J,B,EPI,41.65,2.26,226,yes
3W9J,B,EPI,41.78,2.28,226,yes
3W9J,B,EPI,41.91,2.30,226,yes
3W9J,B,EPI,42.04,2.32,225,yes
3W9J,B,EPI,42.17,2.35,226,yes
3W9J,B,EPI,42.31,2.37,228,yes
3W9J,B,EPI,42.45,2.39,230,yes
3W9J,B,EPI,42.58,2.41,231,yes
3W9J,B,EPI,42.72,2.44,230,yes
3W9J,B,EPI,42.86,2.47,226,yes
3W9J,B,EPI,43.00,2.51,228,yes
3W9J,B,EPI,43.12,2.52,226,yes
3W9J,B,EPI,43.25,2.53,229,yes
3W9J,B,EPI,43.38,2.55,230,yes
3W9J,B,EPI,43.51,2.57,230,yes
3W9J,B,EPI,43.64,2.59,232,yes
3W9J,B,EPI,43.77,2.62,230,yes
3W9J,B,EPI,43.90,2.65,230,yes
3W9J,B,EPI,44.03,2.66,233,yes
3W9J,B,EPI,44.17,2.67,232,yes
3W9J,B,EPI,44.31,2.69,231,yes
3W9J,B,EPI,44.45,2.71,232,yes
3W9J,B,EPI,44.59,2.74,231,yes
3W9J,B,EPI,44.73,2.77,232,yes
3W9J,B,EPI,44.87,2.79,232,yes
3W9J,B,EPI,45.00,2.81,234,yes
3W9J,B,EPI,45.14,2.82,233,yes
3W9J,B,EPI,45.27,2.83,229,yes
3W9J,B,EPI,45.41,2.84,228,yes
3W9J,B,EPI,45.54,2.86,223,yes
3W9J,B,EPI,45.68,2.88,223,yes
3W9J,B,EPI,45.81,2.91,222,yes
3W9J,B,EPI,45.95,2.91,221,yes
3W9J,B,EPI,46.09,2.92,220,yes
3W9J,B,EPI,46.22,2.94,216,yes
3W9J,B,EPI,46.36,2.95,215,yes
3W9J,B,EPI,46.50,2.98,215,yes
3W9J,B,EPI,46.63,3.00,211,yes
3W9J,B,EPI,46.78,3.01,210,yes
3W9J,B,EPI,46.93,3.02,209,yes
3W9J,B,EPI,47.08,3.04,209,yes
3W9J,B,EPI,47.23,3.06,209,yes
3W9J,B,EPI,47.38,3.08,208,yes
3W9J,B,EPI,47.52,3.10,206,yes
3W9J,B,EPI,47.67,3.12,202,yes
3W9J,B,EPI,47.81,3.14,204,yes
3W9J,B,EPI,47.95,3.16,204,yes
3W9J,B,EPI,48.09,3.19,203,yes
3W9J,B,EPI,48.22,3.20,201,yes
3W9J,B,EPI,48.34,3.20,201,yes
3W9J,B,EPI,48.47,3.20,198,yes
3W9J,B,EPI,48.59,3.20,199,yes
3W9J,B,EPI,48.72,3.21,201,yes
3W9J,B,EPI,48.85,3.22,205,yes
3W9J,B,EPI,48.99,3.22,204,yes
3W9J,B,EPI,49.12,3.21,202,yes
3W9J,B,EPI,49.26,3.22,203,yes
3W9J,B,EPI,49.40,3.22,200,yes
3W9J,B,EPI,49.54,3.23,198,yes
3W9J,B,EPI,49.68,3.25,195,yes
3W9J,B,EPI,49.82,3.25,195,yes
3W9J,B,EPI,49.96,3.26,195,yes
3W9J,B,EPI,50.10,3.28,193,yes
3W9J,B,EPI,50.24,3.29,191,yes
3W9J,B,EPI,50.37,3.31,192,yes
3W9J,B,EPI,50.51,3.34,190,yes
3W9J,B,EPI,50.66,3.34,187,yes
3W9J,B,EPI,50.80,3.34,186,yes
3W9J,B,EPI,50.94,3.35,184,yes
3W9J,B,EPI,51.09,3.37,186,yes
3W9J,B,EPI,51.23,3.39,183,yes
3W9J,B,EPI,51.37,3.39,183,yes
3W9J,B,EPI,51.51,3.40,180,yes
3W9J,B,EPI,51.65,3.41,179,yes
3W9J,B,EPI,51.79,3.42,177,yes
3W9J,B,EPI,51.92,3.43,179,yes
3W9J,B,EPI,52.05,3.44,181,yes
3W9J,B,EPI,52.18,3.45,182,yes
3W9J,B,EPI,52.31,3.47,181,yes
3W9J,B,EPI,52.44,3.49,176,yes
3W9J,B,EPI,52.56,3.51,174,yes
3W9J,B,EPI,52.69,3.53,172,yes
3W9J,B,EPI,52.81,3.56,172,yes
3W9J,B,EPI,52.94,3.59,169,yes
3W9J,B,EPI,53.06,3.60,169,yes
3W9J,B,EPI,53.19,3.62,169,yes
3W9J,B,EPI,53.32,3.65,167,yes
3W9J,B,EPI,53.44,3.67,168,yes
3W9J,B,EPI,53.57,3.70,167,yes
3W9J,B,EPI,53.69,3.74,166,yes
3W9J,B,EPI,53.84,3.75,166,yes
3W9J,B,EPI,53.98,3.76,166,yes
3W9J,B,EPI,54.13,3.79,168,yes
3W9J,B,EPI,54.27,3.81,168,yes
3W9J,B,EPI,54.41,3.84,171,yes
3W9J,B,EPI,54.56,3.87,173,yes
3W9J,B,EPI,54.71,3.87,175,yes
3W9J,B,EPI,54.85,3.87,177,yes
3W9J,B,EPI,55.00,3.88,176,yes
3W9J,B,EPI,55.15,3.89,178,yes
3W9J,B,EPI,55.30,3.90,180,yes
3W9J,B,EPI,55.45,3.92,179,yes
3W9J,B,EPI,55.59,3.89,183,yes
3W9J,B,EPI,55.74,3.86,186,yes
3W9J,B,EPI,55.88,3.83,187,yes
3W9J,B,EPI,56.02,3.81,189,yes
3W9J,B,EPI,56.17,3.79,191,yes
3W9J,B,EPI,56.31,3.77,191,yes
3W9J,B,EPI,56.46,3.71,194,yes
3W9J,B,EPI,56.61,3.66,195,yes
3W9J,B,EPI,56.75,3.61,198,yes
3W9J,B,EPI,56.90,3.56,201,yes
3W9J,B,EPI,57.04,3.51,202,yes
3W9J,B,EPI,57.19,3.47,205,yes
3W9J,B,EPI,57.32,3.41,205,yes
3W9J,B,EPI,57.46,3.34,205,yes
3W9J,B,EPI,57.60,3.28,207,yes
3W9J,B,EPI,57.73,3.23,207,yes
3W9J,B,EPI,57.87,3.17,207,yes
3W9J,B,EPI,58.00,3.11,211,yes
3W9J,B,EPI,58.13,3.06,215,yes
3W9J,B,EPI,58.26,3.02,217,yes
3W9J,B,EPI,58.39,2.97,218,yes
3W9J,B,EPI,58.52,2.93,219,yes
3W9J,B,EPI,58.65,2.89,222,yes
3W9J,B,EPI,58.76,2.85,223,yes
3W9J,B,EPI,58.88,2.82,225,yes
3W9J,B,EPI,59.00,2.80,226,yes
3W9J,B,EPI,59.11,2.78,232,yes
3W9J,B,EPI,59.24,2.75,234,yes
3W9J,B,EPI,59.38,2.73,236,yes
3W9J,B,EPI,59.51,2.71,236,yes
3W9J,B,EPI,59.65,2.69,236,yes
3W9J,B,EPI,59.79,2.67,237,yes
3W9J,B,EPI,59.94,2.66,238,yes
3W9J,B,EPI,60.08,2.63,237,yes
3W9J,B,EPI,60.22,2.59,237,yes
3W9J,B,EPI,60.36,2.56,236,yes
3W9J,B,EPI,60.50,2.54,241,yes
3W9J,B,EPI,60.63,2.48,240,yes
3W9J,B,EPI,60.76,2.43,239,yes
3W9J,B,EPI,60.89,2.39,237,yes
3W9J,B,EPI,61.02,2.35,239,yes
3W9J,B,EPI,61.15,2.31,238,yes
3W9J,B,EPI,61.28,2.25,239,yes
3W9J,B,EPI,61.41,2.20,236,yes
3W9J,B,EPI,61.54,2.15,237,yes
3W9J,B,EPI,61.67,2.11,235,yes
3W9J,B,EPI,61.80,2.06,234,yes
3W9J,B,EPI,61.93,2.02,233,yes
3W9J,B,EPI,62.07,1.98,237,yes
3W9J,B,EPI,62.21,1.94,234,yes
3W9J,B,EPI,62.35,1.91,235,yes
3W9J,B,EPI,62.49,1.89,236,yes
3W9J,B,EPI,62.63,1.87,236,yes
3W9J,B,EPI,62.77,1.85,235,yes
3W9J,B,EPI,62.90,1.85,234,yes
3W9J,B,EPI,63.03,1.86,232,yes
3W9J,B,EPI,63.16,1.85,228,yes
3W9J,B,EPI,63.29,1.86,231,yes
3W9J,B,EPI,63.41,1.87,228,yes
3W9J,B,EPI,63.54,1.88,228,yes
3W9J,B,EPI,63.67,1.90,228,yes
3W9J,B,EPI,63.81,1.91,230,yes
3W9J,B,EPI,63.94,1.93,232,yes
3W9J,B,EPI,64.07,1.95,231,yes
3W9J,B,EPI,64.21,1.98,232,yes
3W9J,B,EPI,64.34,2.01,233,yes
3W9J,B,EPI,64.48,2.05,234,yes
3W9J,B,EPI,64.61,2.09,234,yes
3W9J,B,EPI,64.74,2.13,234,yes
3W9J,B,EPI,64.87,2.18,235,yes
3W9J,B,EPI,65.00,2.22,236,yes
3W9J,B,EPI,65.14,2.25,236,yes
3W9J,B,EPI,65.27,2.29,237,yes
3W9J,B,EPI,65.40,2.33,236,yes
3W9J,B,EPI,65.53,2.38,237,yes
3W9J,B,EPI,65.66,2.40,236,yes
3W9J,B,EPI,65.79,2.43,237,yes
3W9J,B,EPI,65.92,2.46,238,yes
3W9J,B,EPI,66.05,2.50,239,yes
3W9J,B,EPI,66.18,2.54,236,yes
3W9J,B,EPI,66.31,2.58,235,yes
3W9J,B,EPI,66.44,2.63,236,yes
3W9J,B,EPI,66.58,2.66,235,yes
3W9J,B,EPI,66.73,2.69,234,yes
3W9J,B,EPI,66.88,2.73,236,yes
3W9J,B,EPI,67.02,2.77,235,yes
3W9J,B,EPI,67.17,2.81,236,yes
3W9J,B,EPI,67.32,2.86,238,yes
3W9J,B,EPI,67.46,2.91,238,yes
3W9J,B,EPI,67.61,2.96,238,yes
3W9J,B,EPI,67.76,3.02,235,yes
3W9J,B,EPI,67.91,3.08,233,yes
3W9J,B,EPI,68.05,3.14,232,yes
3W9J,B,EPI,68.20,3.21,229,yes
3W9J,B,EPI,68.33,3.25,225,yes
3W9J,B,EPI,68.46,3.29,220,yes
3W9J,B,EPI,68.59,3.34,220,yes
3W9J,B,EPI,68.72,3.38,217,yes
3W9J,B,EPI,68.85,3.44,217,yes
3W9J,B,EPI,68.98,3.49,216,yes
3W9J,B,EPI,69.11,3.55,217,yes
3W9J,B,EPI,69.25,3.58,218,yes
3W9J,B,EPI,69.38,3.61,218,yes
3W9J,B,EPI,69.52,3.65,211,yes
3W9J,B,EPI,69.66,3.69,208,yes
3W9J,B,EPI,69.80,3.71,203,yes
3W9J,B,EPI,69.94,3.72,203,no
3W9J,B,EPI,70.08,3.75,201,no
3W9J,B,EPI,70.22,3.72,196,no
3W9J,B,EPI,70.36,3.70,194,no
3W9J,B,EPI,70.50,3.69,193,no
3W9J,B,EPI,70.63,3.67,192,no
3W9J,B,EPI,70.78,3.66,187,no
3W9J,B,EPI,70.92,3.66,185,no
3W9J,B,EPI,71.06,3.66,184,no
3W9J,B,EPI,71.19,3.62,183,no
3W9J,B,EPI,71.32,3.58,182,no
3W9J,B,EPI,71.46,3.55,177,no
3W9J,B,EPI,71.59,3.52,173,no
3W9J,B,EPI,71.72,3.49,169,no
3W9J,B,EPI,71.86,3.46,169,no
3W9J,B,EPI,71.99,3.42,167,no
3W9J,B,EPI,72.13,3.38,168,no
6IIA,B,LMNG,0.00,2.19,249,yes
6IIA,B,LMNG,0.13,2.23,250,yes
6IIA,B,LMNG,0.25,2.28,250,yes
6IIA,B,LMNG,0.38,2.33,252,yes
6IIA,B,LMNG,0.51,2.39,249,yes
6IIA,B,LMNG,0.63,2.45,245,yes
6IIA,B,LMNG,0.76,2.47,247,yes
6IIA,B,LMNG,0.88,2.50,248,yes
6IIA,B,LMNG,1.00,2.54,249,yes
6IIA,B,LMNG,1.12,2.57,250,yes
6IIA,B,LMNG,1.24,2.62,255,yes
6IIA,B,LMNG,1.37,2.63,256,yes
6IIA,B,LMNG,1.51,2.65,256,yes
6IIA,B,LMNG,1.64,2.66,252,yes
6IIA,B,LMNG,1.77,2.69,251,yes
6IIA,B,LMNG,1.91,2.71,252,yes
6IIA,B,LMNG,2.04,2.73,250,yes
6IIA,B,LMNG,2.17,2.74,248,yes
6IIA,B,LMNG,2.30,2.76,247,yes
6IIA,B,LMNG,2.43,2.79,248,yes
6IIA,B,LMNG,2.56,2.81,246,yes
6IIA,B,LMNG,2.69,2.83,244,yes
6IIA,B,LMNG,2.81,2.84,244,yes
6IIA,B,LMNG,2.94,2.86,247,yes
6IIA,B,LMNG,3.06,2.88,244,yes
6IIA,B,LMNG,3.19,2.90,244,yes
6IIA,B,LMNG,3.32,2.91,243,yes
6IIA,B,LMNG,3.44,2.92,243,yes
6IIA,B,LMNG,3.57,2.94,244,yes
6IIA,B,LMNG,3.70,2.96,243,yes
6IIA,B,LMNG,3.83,2.98,245,yes
6IIA,B,LMNG,3.96,2.99,245,yes
6IIA,B,LMNG,4.10,3.01,242,yes
6IIA,B,LMNG,4.23,3.02,242,yes
6IIA,B,LMNG,4.37,3.04,242,yes
6IIA,B,LMNG,4.50,3.06,240,yes
6IIA,B,LMNG,4.65,3.06,236,yes
6IIA,B,LMNG,4.79,3.07,236,yes
6IIA,B,LMNG,4.93,3.09,237,yes
6IIA,B,LMNG,5.08,3.11,232,yes
6IIA,B,LMNG,5.22,3.13,232,yes
6IIA,B,LMNG,5.37,3.14,232,yes
6IIA,B,LMNG,5.52,3.15,233,yes
6IIA,B,LMNG,5.67,3.16,237,yes
6IIA,B,LMNG,5.81,3.18,241,yes
6IIA,B,LMNG,5.96,3.21,243,yes
6IIA,B,LMNG,6.10,3.22,243,yes
6IIA,B,LMNG,6.23,3.24,243,yes
6IIA,B,LMNG,6.37,3.26,241,yes
6IIA,B,LMNG,6.50,3.28,242,yes
6IIA,B,LMNG,6.64,3.31,243,yes
6IIA,B,LMNG,6.78,3.33,242,yes
6IIA,B,LMNG,6.91,3.35,244,yes
6IIA,B,LMNG,7.05,3.37,242,yes
6IIA,B,LMNG,7.19,3.40,245,yes
6IIA,B,LMNG,7.33,3.42,246,yes
6IIA,B,LMNG,7.48,3.45,247,yes
6IIA,B,LMNG,7.63,3.46,246,yes
6IIA,B,LMNG,7.77,3.49,249,yes
6IIA,B,LMNG,7.92,3.52,250,yes
6IIA,B,LMNG,8.06,3.55,247,yes
6IIA,B,LMNG,8.19,3.58,249,yes
6IIA,B,LMNG,8.32,3.61,252,yes
6IIA,B,LMNG,8.45,3.64,250,yes
6IIA,B,LMNG,8.58,3.68,252,yes
6IIA,B,LMNG,8.71,3.70,255,yes
6IIA,B,LMNG,8.84,3.71,255,yes
6IIA,B,LMNG,8.98,3.74,253,yes
6IIA,B,LMNG,9.11,3.76,255,yes
6IIA,B,LMNG,9.26,3.76,258,yes
6IIA,B,LMNG,9.41,3.76,258,yes
6IIA,B,LMNG,9.56,3.77,258,yes
6IIA,B,LMNG,9.67,3.75,257,yes
6IIA,B,LMNG,9.77,3.73,256,yes
6IIA,B,LMNG,9.88,3.71,257,yes
6IIA,B,LMNG,10.02,3.72,260,yes
6IIA,B,LMNG,10.16,3.73,264,yes
6IIA,B,LMNG,10.28,3.76,265,yes
6IIA,B,LMNG,10.40,3.79,265,yes
6IIA,B,LMNG,10.52,3.82,266,yes
6IIA,B,LMNG,10.64,3.86,268,yes
6IIA,B,LMNG,10.77,3.90,271,yes
6IIA,B,LMNG,10.89,3.94,272,yes
6IIA,B,LMNG,11.02,3.99,274,yes
6IIA,B,LMNG,11.16,4.03,275,yes
6IIA,B,LMNG,11.30,4.07,274,yes
6IIA,B,LMNG,11.44,4.11,276,yes
6IIA,B,LMNG,11.58,4.15,279,yes
6IIA,B,LMNG,11.71,4.17,280,yes
6IIA,B,LMNG,11.84,4.20,283,yes
6IIA,B,LMNG,11.96,4.22,282,yes
6IIA,B,LMNG,12.09,4.25,284,yes
6IIA,B,LMNG,12.22,4.28,283,yes
6IIA,B,LMNG,12.36,4.28,283,yes
6IIA,B,LMNG,12.51,4.29,284,yes
6IIA,B,LMNG,12.66,4.31,285,yes
6IIA,B,LMNG,12.81,4.32,288,yes
6IIA,B,LMNG,12.96,4.34,289,yes
6IIA,B,LMNG,13.10,4.35,290,yes
6IIA,B,LMNG,13.25,4.32,288,yes
6IIA,B,LMNG,13.39,4.30,288,yes
6IIA,B,LMNG,13.54,4.28,289,yes
6IIA,B,LMNG,13.68,4.26,287,yes
6IIA,B,LMNG,13.80,4.24,293,yes
6IIA,B,LMNG,13.92,4.22,293,yes
6IIA,B,LMNG,14.05,4.20,295,yes
6IIA,B,LMNG,14.17,4.18,297,yes
6IIA,B,LMNG,14.29,4.16,299,yes
6IIA,B,LMNG,14.41,4.15,298,yes
6IIA,B,LMNG,14.53,4.14,300,yes
6IIA,B,LMNG,14.66,4.12,300,yes
6IIA,B,LMNG,14.79,4.10,301,yes
6IIA,B,LMNG,14.94,4.12,301,yes
6IIA,B,LMNG,15.05,4.15,301,yes
6IIA,B,LMNG,15.16,4.18,296,yes
6IIA,B,LMNG,15.27,4.21,298,yes
6IIA,B,LMNG,15.41,4.22,297,yes
6IIA,B,LMNG,15.55,4.23,294,yes
6IIA,B,LMNG,15.69,4.24,295,yes
6IIA,B,LMNG,15.83,4.25,293,yes
6IIA,B,LMNG,15.96,4.27,290,yes
6IIA,B,LMNG,16.09,4.29,290,yes
6IIA,B,LMNG,16.24,4.29,288,yes
6IIA,B,LMNG,16.39,4.28,283,yes
6IIA,B,LMNG,16.53,4.28,277,yes
6IIA,B,LMNG,16.68,4.29,274,yes
6IIA,B,LMNG,16.83,4.30,270,yes
6IIA,B,LMNG,16.97,4.32,271,yes
6IIA,B,LMNG,17.12,4.35,270,yes
6IIA,B,LMNG,17.25,4.34,270,yes
6IIA,B,LMNG,17.38,4.33,269,yes
6IIA,B,LMNG,17.51,4.33,270,yes
6IIA,B,LMNG,17.64,4.33,269,yes
6IIA,B,LMNG,17.77,4.33,267,yes
6IIA,B,LMNG,17.89,4.34,269,yes
6IIA,B,LMNG,18.04,4.31,266,yes
6IIA,B,LMNG,18.19,4.28,268,yes
6IIA,B,LMNG,18.34,4.26,263,yes
6IIA,B,LMNG,18.49,4.24,261,yes
6IIA,B,LMNG,18.64,4.23,258,yes
6IIA,B,LMNG,18.78,4.21,256,yes
6IIA,B,LMNG,18.92,4.18,259,yes
6IIA,B,LMNG,19.06,4.15,257,yes
6IIA,B,LMNG,19.19,4.13,257,yes
6IIA,B,LMNG,19.33,4.10,256,yes
6IIA,B,LMNG,19.47,4.08,258,yes
6IIA,B,LMNG,19.60,4.04,261,yes
6IIA,B,LMNG,19.75,4.00,263,yes
6IIA,B,LMNG,19.90,3.96,260,yes
6IIA,B,LMNG,20.05,3.92,262,yes
6IIA,B,LMNG,20.20,3.89,258,yes
6IIA,B,LMNG,20.33,3.85,257,yes
6IIA,B,LMNG,20.46,3.81,256,yes
6IIA,B,LMNG,20.52,3.80,252,yes
6IIA,B,LMNG,20.61,3.79,253,yes
6IIA,B,LMNG,20.70,3.77,252,yes
6IIA,B,LMNG,20.84,3.74,248,yes
6IIA,B,LMNG,20.98,3.71,252,yes
6IIA,B,LMNG,21.12,3.68,250,yes
6IIA,B,LMNG,21.26,3.66,252,yes
6IIA,B,LMNG,21.40,3.64,250,yes
6IIA,B,LMNG,21.53,3.61,250,yes
6IIA,B,LMNG,21.67,3.58,247,yes
6IIA,B,LMNG,21.81,3.56,246,yes
6IIA,B,LMNG,21.94,3.53,245,yes
6IIA,B,LMNG,22.08,3.51,249,yes
6IIA,B,LMNG,22.21,3.49,249,yes
6IIA,B,LMNG,22.35,3.47,246,yes
6IIA,B,LMNG,22.48,3.46,243,yes
6IIA,B,LMNG,22.61,3.45,244,yes
6IIA,B,LMNG,22.74,3.45,248,yes
6IIA,B,LMNG,22.87,3.44,246,yes
6IIA,B,LMNG,23.00,3.43,247,yes
6IIA,B,LMNG,23.13,3.42,250,yes
6IIA,B,LMNG,23.26,3.42,248,yes
6IIA,B,LMNG,23.40,3.42,249,yes
6IIA,B,LMNG,23.54,3.42,248,yes
6IIA,B,LMNG,23.68,3.43,249,yes
6IIA,B,LMNG,23.82,3.44,247,yes
6IIA,B,LMNG,23.97,3.44,244,yes
6IIA,B,LMNG,24.11,3.44,244,yes
6IIA,B,LMNG,24.24,3.44,248,yes
6IIA,B,LMNG,24.37,3.44,249,yes
6IIA,B,LMNG,24.50,3.44,248,yes
6IIA,B,LMNG,24.63,3.44,246,yes
6IIA,B,LMNG,24.77,3.45,244,yes
6IIA,B,LMNG,24.89,3.44,244,yes
6IIA,B,LMNG,25.01,3.43,246,yes
6IIA,B,LMNG,25.14,3.42,251,yes
6IIA,B,LMNG,25.26,3.41,252,yes
6IIA,B,LMNG,25.39,3.41,253,yes
6IIA,B,LMNG,25.51,3.39,252,yes
6IIA,B,LMNG,25.63,3.37,250,yes
6IIA,B,LMNG,25.76,3.35,254,yes
6IIA,B,LMNG,25.88,3.32,252,yes
6IIA,B,LMNG,26.00,3.28,250,yes
6IIA,B,LMNG,26.15,3.24,251,yes
6IIA,B,LMNG,26.30,3.20,250,yes
6IIA,B,LMNG,26.45,3.17,249,yes
6IIA,B,LMNG,26.60,3.14,249,yes
6IIA,B,LMNG,26.72,3.11,246,yes
6IIA,B,LMNG,26.84,3.08,244,yes
6IIA,B,LMNG,26.96,3.05,244,yes
6IIA,B,LMNG,27.08,3.03,242,yes
6IIA,B,LMNG,27.20,3.01,245,yes
6IIA,B,LMNG,27.34,2.99,247,yes
6IIA,B,LMNG,27.48,2.98,248,yes
6IIA,B,LMNG,27.63,2.96,247,yes
6IIA,B,LMNG,27.77,2.96,246,yes
6IIA,B,LMNG,27.90,2.94,248,yes
6IIA,B,LMNG,28.04,2.94,245,yes
6IIA,B,LMNG,28.17,2.93,244,yes
6IIA,B,LMNG,28.31,2.93,241,yes
6IIA,B,LMNG,28.44,2.92,239,yes
6IIA,B,LMNG,28.57,2.92,239,yes
6IIA,B,LMNG,28.71,2.92,240,yes
6IIA,B,LMNG,28.84,2.92,241,yes
6IIA,B,LMNG,28.98,2.92,243,yes
6IIA,B,LMNG,29.13,2.93,240,yes
6IIA,B,LMNG,29.27,2.94,239,yes
6IIA,B,LMNG,29.41,2.96,240,yes
6IIA,B,LMNG,29.56,2.98,241,yes
6IIA,B,LMNG,29.71,3.00,238,yes
6IIA,B,LMNG,29.86,3.03,238,yes
6IIA,B,LMNG,30.00,3.06,238,yes
6IIA,B,LMNG,30.15,3.09,239,yes
6IIA,B,LMNG,30.29,3.14,241,yes
6IIA,B,LMNG,30.43,3.18,241,yes
6IIA,B,LMNG,30.58,3.23,239,yes
6IIA,B,LMNG,30.71,3.28,238,yes
6IIA,B,LMNG,30.83,3.33,238,yes
6IIA,B,LMNG,30.96,3.38,238,yes
6IIA,B,LMNG,31.09,3.43,238,yes
6IIA,B,LMNG,31.23,3.48,235,yes
6IIA,B,LMNG,31.38,3.54,232,yes
6IIA,B,LMNG,31.52,3.60,230,yes
6IIA,B,LMNG,31.64,3.65,233,yes
6IIA,B,LMNG,31.76,3.68,231,yes
6IIA,B,LMNG,31.88,3.69,229,yes
6IIA,B,LMNG,31.99,3.70,229,yes
6IIA,B,LMNG,32.10,3.71,227,yes
6IIA,B,LMNG,32.22,3.72,229,yes
6IIA,B,LMNG,32.33,3.71,228,yes
6IIA,B,LMNG,32.45,3.71,228,yes
6IIA,B,LMNG,32.57,3.71,227,yes
6IIA,B,LMNG,32.68,3.71,225,yes
6IIA,B,LMNG,32.79,3.71,225,yes
6IIA,B,LMNG,32.91,3.71,225,yes
6IIA,B,LMNG,33.02,3.71,225,yes
6IIA,B,LMNG,33.14,3.72,221,yes
6IIA,B,LMNG,33.26,3.73,218,yes
6IIA,B,LMNG,33.38,3.74,218,yes
6IIA,B,LMNG,33.51,3.75,221,yes
6IIA,B,LMNG,33.63,3.76,221,yes
6IIA,B,LMNG,33.77,3.78,219,yes
6IIA,B,LMNG,33.90,3.79,217,yes
6IIA,B,LMNG,34.04,3.81,215,yes
6IIA,B,LMNG,34.18,3.83,216,yes
6IIA,B,LMNG,34.31,3.85,214,yes
6IIA,B,LMNG,34.44,3.87,213,yes
6IIA,B,LMNG,34.58,3.88,211,yes
6IIA,B,LMNG,34.71,3.90,209,yes
6IIA,B,LMNG,34.84,3.92,210,yes
6IIA,B,LMNG,34.97,3.94,209,yes
6IIA,B,LMNG,35.11,3.97,209,yes
6IIA,B,LMNG,35.24,3.98,206,yes
6IIA,B,LMNG,35.38,3.99,204,yes
6IIA,B,LMNG,35.52,4.00,205,yes
6IIA,B,LMNG,35.65,4.02,203,yes
6IIA,B,LMNG,35.79,4.04,203,yes
6IIA,B,LMNG,35.92,4.05,204,yes
6IIA,B,LMNG,36.06,4.05,203,yes
6IIA,B,LMNG,36.20,4.04,205,yes
6IIA,B,LMNG,36.34,4.04,205,yes
6IIA,B,LMNG,36.48,4.05,204,yes
6IIA,B,LMNG,36.61,4.05,203,yes
6IIA,B,LMNG,36.75,4.06,202,no
6IIA,B,LMNG,36.89,4.07,198,no
6IIA,B,LMNG,37.03,4.08,198,no
6IIA,B,LMNG,37.17,4.09,197,no
6IIA,B,LMNG,37.31,4.09,196,no
6IIA,B,LMNG,37.44,4.09,190,no
6IIA,B,LMNG,37.58,4.09,190,no
6IIA,B,LMNG,37.72,4.10,191,no
6IIA,B,LMNG,37.86,4.11,193,no
6IIA,B,LMNG,38.00,4.13,192,no
6IIA,B,LMNG,38.13,4.13,190,no
6IIA,B,LMNG,38.27,4.14,193,no
6IIA,B,LMNG,38.40,4.14,190,no
6IIA,B,LMNG,38.53,4.16,192,no
6IIA,B,LMNG,38.67,4.17,187,no
6IIA,B,LMNG,38.80,4.17,187,no
6IIA,B,LMNG,38.94,4.18,187,no
6IIA,B,LMNG,39.08,4.17,187,no
6IIA,B,LMNG,39.22,4.16,185,no
6IIA,B,LMNG,39.36,4.16,182,no
6IIA,B,LMNG,39.50,4.16,182,no
6IIA,B,LMNG,39.65,4.17,182,no
6IIA,B,LMNG,39.79,4.18,181,no
6IIA,B,LMNG,39.94,4.18,181,no
6IIA,B,LMNG,40.09,4.18,182,no
6IIA,B,LMNG,40.24,4.19,183,no
6IIA,B,LMNG,40.39,4.21,182,no
6IIA,B,LMNG,40.53,4.22,183,no
6IIA,B,LMNG,40.67,4.24,185,no
6IIA,B,LMNG,40.81,4.26,186,no
6IIA,B,LMNG,40.95,4.28,188,no
6IIA,B,LMNG,41.09,4.31,186,no
6IIA,B,LMNG,41.23,4.34,185,no
6IIA,B,LMNG,41.37,4.37,183,no
6IIA,B,LMNG,41.52,4.41,183,no
6IIA,B,LMNG,41.66,4.45,184,no
6IIA,B,LMNG,41.80,4.49,183,no
6IIA,B,LMNG,41.95,4.50,179,no
6IIA,B,LMNG,42.07,4.46,179,no
6IIA,B,LMNG,42.20,4.42,177,no
6IIA,B,LMNG,42.33,4.39,178,no
6IIA,B,LMNG,42.46,4.36,180,no
6IIA,B,LMNG,42.59,4.33,178,no
6IIA,B,LMNG,42.71,4.31,177,no
6IIA,B,LMNG,42.85,4.25,176,no
6IIA,B,LMNG,42.99,4.20,176,no
6IIA,B,LMNG,43.13,4.15,176,no
6IIA,B,LMNG,43.26,4.10,177,no
6IIA,B,LMNG,43.40,4.06,176,no
6IIA,B,LMNG,43.54,4.02,177,no
6IIA,B,LMNG,43.67,3.95,175,no
6IIA,B,LMNG,43.80,3.89,177,no
6IIA,B,LMNG,43.94,3.83,176,no
6IIA,B,LMNG,44.07,3.77,177,no
6IIA,B,LMNG,44.20,3.72,178,no
6IIA,B,LMNG,44.34,3.66,177,no
6IIA,B,LMNG,44.47,3.60,181,no
6IIA,B,LMNG,44.59,3.54,182,no
6IIA,B,LMNG,44.72,3.48,183,no
6IIA,B,LMNG,44.85,3.43,184,no
6IIA,B,LMNG,44.98,3.37,184,no
6IIA,B,LMNG,45.12,3.31,185,no
6IIA,B,LMNG,45.26,3.25,189,no
6IIA,B,LMNG,45.40,3.20,193,no
6IIA,B,LMNG,45.51,3.16,193,no
6IIA,B,LMNG,45.61,3.13,194,no
6IIA,B,LMNG,45.63,3.11,194,no
6IIA,B,LMNG,45.76,3.17,193,no
6IIA,B,LMNG,45.91,3.23,190,no
6IIA,B,LMNG,46.06,3.29,185,no
6IIA,B,LMNG,46.19,3.34,184,no
6IIA,B,LMNG,46.31,3.39,184,no
6IIA,B,LMNG,46.43,3.44,184,no
6IIA,B,LMNG,46.56,3.50,183,no
6IIA,B,LMNG,46.69,3.55,182,no
6IIA,B,LMNG,46.82,3.59,178,no
6IIA,B,LMNG,46.95,3.64,177,no
6IIA,B,LMNG,47.08,3.69,176,no
6IIA,B,LMNG,47.21,3.74,175,no
6IIA,B,LMNG,47.34,3.76,175,no
6IIA,B,LMNG,47.48,3.78,173,no
6IIA,B,LMNG,47.61,3.81,172,no
6IIA,B,LMNG,47.74,3.84,171,no
6IIA,B,LMNG,47.88,3.87,171,no
6IIA,B,LMNG,48.01,3.88,169,no
6IIA,B,LMNG,48.14,3.88,168,no
6IIA,B,LMNG,48.27,3.88,164,no
6IIA,B,LMNG,48.41,3.88,163,no
6IIA,B,LMNG,48.54,3.89,160,no
6IIA,B,LMNG,48.67,3.89,159,no
6IIA,B,LMNG,48.81,3.91,155,no
6IIA,B,LMNG,48.94,3.92,154,no
6IIA,B,LMNG,49.08,3.91,150,no
6IIA,B,LMNG,49.22,3.90,149,no
6IIA,B,LMNG,49.37,3.90,146,no
6IIA,B,LMNG,49.51,3.90,142,no
6IIA,B,LMNG,49.65,3.90,139,no
6IIA,B,LMNG,49.79,3.91,138,no
6IIA,B,LMNG,49.94,3.92,130,no
6IIA,B,LMNG,50.08,3.91,130,no
6IIA,B,LMNG,50.22,3.90,128,no
6IIA,B,LMNG,50.37,3.89,128,no
6IIA,B,LMNG,50.51,3.89,126,no
6IIA,B,LMNG,50.65,3.89,127,no
6IIA,B,LMNG,50.80,3.90,124,no
6IIA,B,LMNG,50.94,3.91,123,no
6IIA,B,LMNG,51.08,3.90,121,no
6IIA,B,LMNG,51.21,3.90,118,no
6IIA,B,LMNG,51.35,3.89,120,no
6IIA,B,LMNG,51.49,3.90,117,no
6IIA,B,LMNG,51.62,3.90,115,no
6IIA,B,LMNG,51.76,3.91,114,no
6IIA,B,LMNG,51.89,3.92,114,no
6IIA,B,LMNG,52.04,3.92,114,no
6IIA,B,LMNG,52.18,3.92,114,no
6IIA,B,LMNG,52.33,3.92,115,no
6IIA,B,LMNG,52.47,3.93,116,no
6IIA,B,LMNG,52.62,3.94,115,no
6IIA,B,LMNG,52.76,3.95,115,no
6IIA,B,LMNG,52.89,3.95,115,no
6IIA,B,LMNG,53.02,3.96,113,no
6IIA,B,LMNG,53.15,3.96,111,no
6IIA,B,LMNG,53.27,3.97,108,no
6IIA,B,LMNG,53.40,3.98,106,no
6IIA,B,LMNG,53.53,4.00,107,no
6IIA,B,LMNG,53.67,4.01,104,no
6IIA,B,LMNG,53.82,4.02,106,no
6IIA,B,LMNG,53.96,4.04,104,no
6IIA,B,LMNG,54.10,4.06,102,no
6IIA,B,LMNG,54.24,4.08,103,no
6IIA,B,LMNG,54.38,4.10,102,no
6IIA,B,LMNG,54.52,4.11,99,no
6IIA,B,LMNG,54.66,4.13,101,no
6IIA,B,LMNG,54.80,4.14,100,no
6IIA,B,LMNG,54.94,4.16,101,no
6IIA,B,LMNG,55.07,4.17,100,no
6IIA,B,LMNG,55.20,4.19,99,no
6IIA,B,LMNG,55.32,4.21,97,no
6IIA,B,LMNG,55.45,4.22,98,no
6IIA,B,LMNG,55.58,4.23,98,no
6IIA,B,LMNG,55.71,4.24,98,no
6IIA,B,LMNG,55.84,4.23,97,no
6IIA,B,LMNG,55.98,4.22,96,no
6IIA,B,LMNG,56.11,4.22,98,no
6IIA,B,LMNG,56.25,4.22,98,no
6IIA,B,LMNG,56.38,4.22,96,no
6IIA,B,LMNG,56.52,4.23,97,no
6IIA,B,LMNG,56.66,4.21,97,no
6IIA,B,LMNG,56.80,4.19,98,no
6IIA,B,LMNG,56.95,4.17,98,no
6IIA,B,LMNG,57.09,4.16,100,no
6IIA,B,LMNG,57.23,4.15,101,no
6IIA,B,LMNG,57.37,4.15,101,no
6IIA,B,LMNG,57.52,4.11,100,no
6IIA,B,LMNG,57.66,4.08,101,no
6IIA,B,LMNG,57.81,4.05,100,no
6IIA,B,LMNG,57.95,4.02,101,no
6IIA,B,LMNG,58.10,4.00,102,no
6IIA,B,LMNG,58.24,3.98,101,no
6IIA,B,LMNG,58.38,3.95,100,no
6IIA,B,LMNG,58.51,3.93,100,no
6IIA,B,LMNG,58.65,3.90,100,no
6IIA,B,LMNG,58.79,3.88,98,no
6IIA,B,LMNG,58.92,3.86,101,no
6IIA,B,LMNG,59.06,3.85,101,no
6IIA,B,LMNG,59.21,3.83,103,no
6IIA,B,LMNG,59.36,3.82,104,no
6IIA,B,LMNG,59.50,3.81,103,no
6IIA,B,LMNG,59.65,3.80,104,no
6IIA,B,LMNG,59.80,3.80,103,no
6IIA,B,LMNG,59.94,3.79,102,no
6IIA,B,LMNG,60.07,3.80,100,no
6IIA,B,LMNG,60.21,3.80,99,no
6IIA,B,LMNG,60.34,3.81,99,no
6IIA,B,LMNG,60.48,3.82,98,no
6IIA,B,LMNG,60.61,3.83,97,no
6IIA,B,LMNG,60.73,3.85,98,no
6IIA,B,LMNG,60.86,3.87,99,no
6IIA,B,LMNG,60.99,3.89,98,no
6IIA,B,LMNG,61.12,3.91,98,no
6IIA,B,LMNG,61.25,3.93,98,no
6IIA,B,LMNG,61.38,3.95,99,no
6IIA,B,LMNG,61.50,3.98,99,no
6IIA,B,LMNG,61.63,4.01,99,no
6IIA,B,LMNG,61.76,4.04,97,no
6IIA,B,LMNG,61.90,4.07,96,no
6IIA,B,LMNG,62.04,4.10,96,no
6IIA,B,LMNG,62.19,4.12,96,no
6IIA,B,LMNG,62.33,4.12,97,no
6IIA,B,LMNG,62.47,4.13,97,no
6IIA,B,LMNG,62.60,4.12,97,no
6IIA,B,LMNG,62.72,4.11,97,no
6IIA,B,LMNG,62.85,4.10,99,no
6IIA,B,LMNG,62.98,4.09,98,no
6IIA,B,LMNG,63.11,4.09,98,no
6IIA,B,LMNG,63.23,4.09,98,no
6IIA,B,LMNG,63.37,4.03,100,no
6IIA,B,LMNG,63.50,3.97,101,no
6IIA,B,LMNG,63.63,3.91,102,no
6IIA,B,LMNG,63.77,3.86,102,no
6IIA,B,LMNG,63.90,3.81,103,no
6IIA,B,LMNG,64.03,3.77,103,no
6IIA,B,LMNG,64.16,3.69,104,no
6IIA,B,LMNG,64.29,3.62,105,no
6IIA,B,LMNG,64.43,3.55,106,no
6IIA,B,LMNG,64.56,3.48,106,no
6IIA,B,LMNG,64.69,3.40,106,no
6IIA,B,LMNG,64.82,3.33,106,no
6IIA,B,LMNG,64.96,3.25,108,no
