pdb,chain,ligand,depth_from_own_mouth_A,radius_A
Amp_MexB_20260826,E,Ampicillin,62.80,2.64
Amp_MexB_20260826,E,Ampicillin,62.67,2.72
Amp_MexB_20260826,E,Ampicillin,62.53,2.80
Amp_MexB_20260826,E,Ampicillin,62.40,2.88
Amp_MexB_20260826,E,Ampicillin,62.27,2.97
Amp_MexB_20260826,E,Ampicillin,62.13,3.06
Amp_MexB_20260826,E,Ampicillin,62.01,3.14
Amp_MexB_20260826,E,Ampicillin,61.88,3.22
Amp_MexB_20260826,E,Ampicillin,61.75,3.29
Amp_MexB_20260826,E,Ampicillin,61.63,3.35
Amp_MexB_20260826,E,Ampicillin,61.50,3.38
Amp_MexB_20260826,E,Ampicillin,61.37,3.41
Amp_MexB_20260826,E,Ampicillin,61.24,3.44
Amp_MexB_20260826,E,Ampicillin,61.12,3.43
Amp_MexB_20260826,E,Ampicillin,61.00,3.41
Amp_MexB_20260826,E,Ampicillin,60.88,3.40
Amp_MexB_20260826,E,Ampicillin,60.76,3.39
Amp_MexB_20260826,E,Ampicillin,60.64,3.36
Amp_MexB_20260826,E,Ampicillin,60.52,3.32
Amp_MexB_20260826,E,Ampicillin,60.40,3.29
Amp_MexB_20260826,E,Ampicillin,60.28,3.27
Amp_MexB_20260826,E,Ampicillin,60.18,3.24
Amp_MexB_20260826,E,Ampicillin,60.08,3.22
Amp_MexB_20260826,E,Ampicillin,59.98,3.19
Amp_MexB_20260826,E,Ampicillin,59.88,3.17
Amp_MexB_20260826,E,Ampicillin,59.78,3.14
Amp_MexB_20260826,E,Ampicillin,59.64,3.14
Amp_MexB_20260826,E,Ampicillin,59.49,3.14
Amp_MexB_20260826,E,Ampicillin,59.35,3.12
Amp_MexB_20260826,E,Ampicillin,59.22,3.11
Amp_MexB_20260826,E,Ampicillin,59.12,3.10
Amp_MexB_20260826,E,Ampicillin,59.02,3.10
Amp_MexB_20260826,E,Ampicillin,58.93,3.07
Amp_MexB_20260826,E,Ampicillin,58.81,3.09
Amp_MexB_20260826,E,Ampicillin,58.69,3.10
Amp_MexB_20260826,E,Ampicillin,58.56,3.12
Amp_MexB_20260826,E,Ampicillin,58.44,3.14
Amp_MexB_20260826,E,Ampicillin,58.32,3.13
Amp_MexB_20260826,E,Ampicillin,58.19,3.12
Amp_MexB_20260826,E,Ampicillin,58.07,3.12
Amp_MexB_20260826,E,Ampicillin,57.95,3.11
Amp_MexB_20260826,E,Ampicillin,57.83,3.12
Amp_MexB_20260826,E,Ampicillin,57.69,3.11
Amp_MexB_20260826,E,Ampicillin,57.54,3.10
Amp_MexB_20260826,E,Ampicillin,57.40,3.10
Amp_MexB_20260826,E,Ampicillin,57.26,3.10
Amp_MexB_20260826,E,Ampicillin,57.12,3.10
Amp_MexB_20260826,E,Ampicillin,56.98,3.11
Amp_MexB_20260826,E,Ampicillin,56.84,3.11
Amp_MexB_20260826,E,Ampicillin,56.71,3.12
Amp_MexB_20260826,E,Ampicillin,56.57,3.14
Amp_MexB_20260826,E,Ampicillin,56.43,3.15
Amp_MexB_20260826,E,Ampicillin,56.30,3.17
Amp_MexB_20260826,E,Ampicillin,56.17,3.19
Amp_MexB_20260826,E,Ampicillin,56.04,3.22
Amp_MexB_20260826,E,Ampicillin,55.91,3.25
Amp_MexB_20260826,E,Ampicillin,55.80,3.26
Amp_MexB_20260826,E,Ampicillin,55.70,3.26
Amp_MexB_20260826,E,Ampicillin,55.60,3.27
Amp_MexB_20260826,E,Ampicillin,55.50,3.23
Amp_MexB_20260826,E,Ampicillin,55.39,3.20
Amp_MexB_20260826,E,Ampicillin,55.29,3.16
Amp_MexB_20260826,E,Ampicillin,55.16,3.12
Amp_MexB_20260826,E,Ampicillin,55.04,3.08
Amp_MexB_20260826,E,Ampicillin,54.91,3.04
Amp_MexB_20260826,E,Ampicillin,54.78,3.00
Amp_MexB_20260826,E,Ampicillin,54.65,2.97
Amp_MexB_20260826,E,Ampicillin,54.51,2.94
Amp_MexB_20260826,E,Ampicillin,54.37,2.92
Amp_MexB_20260826,E,Ampicillin,54.23,2.90
Amp_MexB_20260826,E,Ampicillin,54.10,2.88
Amp_MexB_20260826,E,Ampicillin,53.96,2.87
Amp_MexB_20260826,E,Ampicillin,53.83,2.86
Amp_MexB_20260826,E,Ampicillin,53.70,2.85
Amp_MexB_20260826,E,Ampicillin,53.58,2.85
Amp_MexB_20260826,E,Ampicillin,53.46,2.85
Amp_MexB_20260826,E,Ampicillin,53.35,2.85
Amp_MexB_20260826,E,Ampicillin,53.23,2.86
Amp_MexB_20260826,E,Ampicillin,53.09,2.87
Amp_MexB_20260826,E,Ampicillin,52.94,2.88
Amp_MexB_20260826,E,Ampicillin,52.80,2.90
Amp_MexB_20260826,E,Ampicillin,52.66,2.92
Amp_MexB_20260826,E,Ampicillin,52.52,2.95
Amp_MexB_20260826,E,Ampicillin,52.38,2.97
Amp_MexB_20260826,E,Ampicillin,52.23,3.01
Amp_MexB_20260826,E,Ampicillin,52.08,3.06
Amp_MexB_20260826,E,Ampicillin,51.93,3.10
Amp_MexB_20260826,E,Ampicillin,51.79,3.12
Amp_MexB_20260826,E,Ampicillin,51.64,3.14
Amp_MexB_20260826,E,Ampicillin,51.49,3.17
Amp_MexB_20260826,E,Ampicillin,51.35,3.19
Amp_MexB_20260826,E,Ampicillin,51.20,3.21
Amp_MexB_20260826,E,Ampicillin,51.06,3.23
Amp_MexB_20260826,E,Ampicillin,50.94,3.23
Amp_MexB_20260826,E,Ampicillin,50.81,3.23
Amp_MexB_20260826,E,Ampicillin,50.69,3.23
Amp_MexB_20260826,E,Ampicillin,50.57,3.22
Amp_MexB_20260826,E,Ampicillin,50.44,3.22
Amp_MexB_20260826,E,Ampicillin,50.30,3.22
Amp_MexB_20260826,E,Ampicillin,50.17,3.23
Amp_MexB_20260826,E,Ampicillin,50.04,3.23
Amp_MexB_20260826,E,Ampicillin,49.89,3.24
Amp_MexB_20260826,E,Ampicillin,49.75,3.25
Amp_MexB_20260826,E,Ampicillin,49.61,3.27
Amp_MexB_20260826,E,Ampicillin,49.46,3.30
Amp_MexB_20260826,E,Ampicillin,49.34,3.32
Amp_MexB_20260826,E,Ampicillin,49.21,3.35
Amp_MexB_20260826,E,Ampicillin,49.09,3.37
Amp_MexB_20260826,E,Ampicillin,48.96,3.40
Amp_MexB_20260826,E,Ampicillin,48.84,3.44
Amp_MexB_20260826,E,Ampicillin,48.71,3.48
Amp_MexB_20260826,E,Ampicillin,48.58,3.52
Amp_MexB_20260826,E,Ampicillin,48.46,3.56
Amp_MexB_20260826,E,Ampicillin,48.33,3.60
Amp_MexB_20260826,E,Ampicillin,48.20,3.65
Amp_MexB_20260826,E,Ampicillin,48.08,3.68
Amp_MexB_20260826,E,Ampicillin,47.96,3.70
Amp_MexB_20260826,E,Ampicillin,47.83,3.74
Amp_MexB_20260826,E,Ampicillin,47.71,3.77
Amp_MexB_20260826,E,Ampicillin,47.59,3.81
Amp_MexB_20260826,E,Ampicillin,47.45,3.82
Amp_MexB_20260826,E,Ampicillin,47.32,3.83
Amp_MexB_20260826,E,Ampicillin,47.19,3.85
Amp_MexB_20260826,E,Ampicillin,47.06,3.87
Amp_MexB_20260826,E,Ampicillin,46.91,3.87
Amp_MexB_20260826,E,Ampicillin,46.77,3.88
Amp_MexB_20260826,E,Ampicillin,46.62,3.89
Amp_MexB_20260826,E,Ampicillin,46.51,3.89
Amp_MexB_20260826,E,Ampicillin,46.40,3.90
Amp_MexB_20260826,E,Ampicillin,46.28,3.90
Amp_MexB_20260826,E,Ampicillin,46.17,3.92
Amp_MexB_20260826,E,Ampicillin,46.05,3.95
Amp_MexB_20260826,E,Ampicillin,45.95,3.97
Amp_MexB_20260826,E,Ampicillin,45.86,3.99
Amp_MexB_20260826,E,Ampicillin,45.77,4.01
Amp_MexB_20260826,E,Ampicillin,45.67,4.04
Amp_MexB_20260826,E,Ampicillin,45.56,4.07
Amp_MexB_20260826,E,Ampicillin,45.44,4.11
Amp_MexB_20260826,E,Ampicillin,45.33,4.15
Amp_MexB_20260826,E,Ampicillin,45.23,4.17
Amp_MexB_20260826,E,Ampicillin,45.12,4.20
Amp_MexB_20260826,E,Ampicillin,44.99,4.21
Amp_MexB_20260826,E,Ampicillin,44.86,4.22
Amp_MexB_20260826,E,Ampicillin,44.73,4.24
Amp_MexB_20260826,E,Ampicillin,44.59,4.24
Amp_MexB_20260826,E,Ampicillin,44.45,4.25
Amp_MexB_20260826,E,Ampicillin,44.31,4.25
Amp_MexB_20260826,E,Ampicillin,44.18,4.25
Amp_MexB_20260826,E,Ampicillin,44.05,4.26
Amp_MexB_20260826,E,Ampicillin,43.92,4.27
Amp_MexB_20260826,E,Ampicillin,43.82,4.27
Amp_MexB_20260826,E,Ampicillin,43.72,4.29
Amp_MexB_20260826,E,Ampicillin,43.62,4.30
Amp_MexB_20260826,E,Ampicillin,43.51,4.31
Amp_MexB_20260826,E,Ampicillin,43.40,4.32
Amp_MexB_20260826,E,Ampicillin,43.28,4.34
Amp_MexB_20260826,E,Ampicillin,43.16,4.35
Amp_MexB_20260826,E,Ampicillin,43.03,4.35
Amp_MexB_20260826,E,Ampicillin,42.90,4.36
Amp_MexB_20260826,E,Ampicillin,42.76,4.36
Amp_MexB_20260826,E,Ampicillin,42.62,4.35
Amp_MexB_20260826,E,Ampicillin,42.48,4.33
Amp_MexB_20260826,E,Ampicillin,42.34,4.32
Amp_MexB_20260826,E,Ampicillin,42.21,4.31
Amp_MexB_20260826,E,Ampicillin,42.08,4.26
Amp_MexB_20260826,E,Ampicillin,41.95,4.22
Amp_MexB_20260826,E,Ampicillin,41.82,4.18
Amp_MexB_20260826,E,Ampicillin,41.69,4.14
Amp_MexB_20260826,E,Ampicillin,41.56,4.11
Amp_MexB_20260826,E,Ampicillin,41.42,4.05
Amp_MexB_20260826,E,Ampicillin,41.29,4.00
Amp_MexB_20260826,E,Ampicillin,41.16,3.95
Amp_MexB_20260826,E,Ampicillin,41.02,3.90
Amp_MexB_20260826,E,Ampicillin,40.89,3.86
Amp_MexB_20260826,E,Ampicillin,40.74,3.80
Amp_MexB_20260826,E,Ampicillin,40.60,3.74
Amp_MexB_20260826,E,Ampicillin,40.46,3.69
Amp_MexB_20260826,E,Ampicillin,40.31,3.63
Amp_MexB_20260826,E,Ampicillin,40.17,3.59
Amp_MexB_20260826,E,Ampicillin,40.04,3.55
Amp_MexB_20260826,E,Ampicillin,39.90,3.51
Amp_MexB_20260826,E,Ampicillin,39.77,3.48
Amp_MexB_20260826,E,Ampicillin,39.64,3.45
Amp_MexB_20260826,E,Ampicillin,39.50,3.42
Amp_MexB_20260826,E,Ampicillin,39.36,3.38
Amp_MexB_20260826,E,Ampicillin,39.23,3.35
Amp_MexB_20260826,E,Ampicillin,39.09,3.33
Amp_MexB_20260826,E,Ampicillin,38.95,3.31
Amp_MexB_20260826,E,Ampicillin,38.83,3.28
Amp_MexB_20260826,E,Ampicillin,38.71,3.26
Amp_MexB_20260826,E,Ampicillin,38.60,3.23
Amp_MexB_20260826,E,Ampicillin,38.48,3.19
Amp_MexB_20260826,E,Ampicillin,38.34,3.15
Amp_MexB_20260826,E,Ampicillin,38.20,3.11
Amp_MexB_20260826,E,Ampicillin,38.05,3.08
Amp_MexB_20260826,E,Ampicillin,37.94,3.05
Amp_MexB_20260826,E,Ampicillin,37.83,3.02
Amp_MexB_20260826,E,Ampicillin,37.71,3.00
Amp_MexB_20260826,E,Ampicillin,37.60,2.97
Amp_MexB_20260826,E,Ampicillin,37.46,2.94
Amp_MexB_20260826,E,Ampicillin,37.32,2.91
Amp_MexB_20260826,E,Ampicillin,37.18,2.88
Amp_MexB_20260826,E,Ampicillin,37.04,2.84
Amp_MexB_20260826,E,Ampicillin,36.90,2.81
Amp_MexB_20260826,E,Ampicillin,36.76,2.77
Amp_MexB_20260826,E,Ampicillin,36.61,2.74
Amp_MexB_20260826,E,Ampicillin,36.47,2.70
Amp_MexB_20260826,E,Ampicillin,36.32,2.67
Amp_MexB_20260826,E,Ampicillin,36.19,2.63
Amp_MexB_20260826,E,Ampicillin,36.06,2.59
Amp_MexB_20260826,E,Ampicillin,35.92,2.55
Amp_MexB_20260826,E,Ampicillin,35.80,2.51
Amp_MexB_20260826,E,Ampicillin,35.68,2.48
Amp_MexB_20260826,E,Ampicillin,35.55,2.45
Amp_MexB_20260826,E,Ampicillin,35.43,2.42
Amp_MexB_20260826,E,Ampicillin,35.31,2.39
Amp_MexB_20260826,E,Ampicillin,35.19,2.37
Amp_MexB_20260826,E,Ampicillin,35.07,2.34
Amp_MexB_20260826,E,Ampicillin,34.95,2.32
Amp_MexB_20260826,E,Ampicillin,34.83,2.31
Amp_MexB_20260826,E,Ampicillin,34.71,2.28
Amp_MexB_20260826,E,Ampicillin,34.58,2.27
Amp_MexB_20260826,E,Ampicillin,34.46,2.25
Amp_MexB_20260826,E,Ampicillin,34.33,2.23
Amp_MexB_20260826,E,Ampicillin,34.20,2.22
Amp_MexB_20260826,E,Ampicillin,34.07,2.21
Amp_MexB_20260826,E,Ampicillin,33.94,2.21
Amp_MexB_20260826,E,Ampicillin,33.80,2.21
Amp_MexB_20260826,E,Ampicillin,33.67,2.21
Amp_MexB_20260826,E,Ampicillin,33.53,2.22
Amp_MexB_20260826,E,Ampicillin,33.40,2.23
Amp_MexB_20260826,E,Ampicillin,33.26,2.25
Amp_MexB_20260826,E,Ampicillin,33.13,2.27
Amp_MexB_20260826,E,Ampicillin,33.00,2.29
Amp_MexB_20260826,E,Ampicillin,32.87,2.32
Amp_MexB_20260826,E,Ampicillin,32.74,2.35
Amp_MexB_20260826,E,Ampicillin,32.62,2.38
Amp_MexB_20260826,E,Ampicillin,32.49,2.41
Amp_MexB_20260826,E,Ampicillin,32.37,2.46
Amp_MexB_20260826,E,Ampicillin,32.25,2.50
Amp_MexB_20260826,E,Ampicillin,32.13,2.55
Amp_MexB_20260826,E,Ampicillin,32.01,2.59
Amp_MexB_20260826,E,Ampicillin,31.90,2.63
Amp_MexB_20260826,E,Ampicillin,31.78,2.67
Amp_MexB_20260826,E,Ampicillin,31.67,2.69
Amp_MexB_20260826,E,Ampicillin,31.56,2.72
Amp_MexB_20260826,E,Ampicillin,31.44,2.74
Amp_MexB_20260826,E,Ampicillin,31.33,2.74
Amp_MexB_20260826,E,Ampicillin,31.21,2.73
Amp_MexB_20260826,E,Ampicillin,31.10,2.72
Amp_MexB_20260826,E,Ampicillin,30.99,2.70
Amp_MexB_20260826,E,Ampicillin,30.88,2.68
Amp_MexB_20260826,E,Ampicillin,30.78,2.66
Amp_MexB_20260826,E,Ampicillin,30.64,2.63
Amp_MexB_20260826,E,Ampicillin,30.51,2.58
Amp_MexB_20260826,E,Ampicillin,30.37,2.54
Amp_MexB_20260826,E,Ampicillin,30.23,2.50
Amp_MexB_20260826,E,Ampicillin,30.09,2.46
Amp_MexB_20260826,E,Ampicillin,29.95,2.43
Amp_MexB_20260826,E,Ampicillin,29.83,2.41
Amp_MexB_20260826,E,Ampicillin,29.71,2.38
Amp_MexB_20260826,E,Ampicillin,29.59,2.37
Amp_MexB_20260826,E,Ampicillin,29.46,2.35
Amp_MexB_20260826,E,Ampicillin,29.34,2.34
Amp_MexB_20260826,E,Ampicillin,29.21,2.33
Amp_MexB_20260826,E,Ampicillin,29.07,2.31
Amp_MexB_20260826,E,Ampicillin,28.93,2.31
Amp_MexB_20260826,E,Ampicillin,28.79,2.30
Amp_MexB_20260826,E,Ampicillin,28.65,2.29
Amp_MexB_20260826,E,Ampicillin,28.51,2.28
Amp_MexB_20260826,E,Ampicillin,28.36,2.28
Amp_MexB_20260826,E,Ampicillin,28.25,2.28
Amp_MexB_20260826,E,Ampicillin,28.14,2.28
Amp_MexB_20260826,E,Ampicillin,28.03,2.28
Amp_MexB_20260826,E,Ampicillin,27.91,2.29
Amp_MexB_20260826,E,Ampicillin,27.79,2.29
Amp_MexB_20260826,E,Ampicillin,27.66,2.29
Amp_MexB_20260826,E,Ampicillin,27.54,2.30
Amp_MexB_20260826,E,Ampicillin,27.42,2.31
Amp_MexB_20260826,E,Ampicillin,27.28,2.32
Amp_MexB_20260826,E,Ampicillin,27.14,2.34
Amp_MexB_20260826,E,Ampicillin,27.00,2.36
Amp_MexB_20260826,E,Ampicillin,26.87,2.39
Amp_MexB_20260826,E,Ampicillin,26.74,2.41
Amp_MexB_20260826,E,Ampicillin,26.62,2.44
Amp_MexB_20260826,E,Ampicillin,26.49,2.46
Amp_MexB_20260826,E,Ampicillin,26.37,2.50
Amp_MexB_20260826,E,Ampicillin,26.23,2.52
Amp_MexB_20260826,E,Ampicillin,26.10,2.55
Amp_MexB_20260826,E,Ampicillin,25.96,2.59
Amp_MexB_20260826,E,Ampicillin,25.84,2.60
Amp_MexB_20260826,E,Ampicillin,25.71,2.59
Amp_MexB_20260826,E,Ampicillin,25.59,2.58
Amp_MexB_20260826,E,Ampicillin,25.47,2.58
Amp_MexB_20260826,E,Ampicillin,25.34,2.57
Amp_MexB_20260826,E,Ampicillin,25.21,2.56
Amp_MexB_20260826,E,Ampicillin,25.08,2.56
Amp_MexB_20260826,E,Ampicillin,24.95,2.56
Amp_MexB_20260826,E,Ampicillin,24.83,2.54
Amp_MexB_20260826,E,Ampicillin,24.70,2.54
Amp_MexB_20260826,E,Ampicillin,24.57,2.53
Amp_MexB_20260826,E,Ampicillin,24.45,2.53
Amp_MexB_20260826,E,Ampicillin,24.33,2.53
Amp_MexB_20260826,E,Ampicillin,24.21,2.53
Amp_MexB_20260826,E,Ampicillin,24.09,2.54
Amp_MexB_20260826,E,Ampicillin,23.97,2.55
Amp_MexB_20260826,E,Ampicillin,23.86,2.56
Amp_MexB_20260826,E,Ampicillin,23.74,2.57
Amp_MexB_20260826,E,Ampicillin,23.63,2.58
Amp_MexB_20260826,E,Ampicillin,23.51,2.59
Amp_MexB_20260826,E,Ampicillin,23.37,2.62
Amp_MexB_20260826,E,Ampicillin,23.23,2.64
Amp_MexB_20260826,E,Ampicillin,23.09,2.65
Amp_MexB_20260826,E,Ampicillin,22.97,2.66
Amp_MexB_20260826,E,Ampicillin,22.85,2.67
Amp_MexB_20260826,E,Ampicillin,22.73,2.67
Amp_MexB_20260826,E,Ampicillin,22.61,2.67
Amp_MexB_20260826,E,Ampicillin,22.50,2.68
Amp_MexB_20260826,E,Ampicillin,22.38,2.68
Amp_MexB_20260826,E,Ampicillin,22.25,2.69
Amp_MexB_20260826,E,Ampicillin,22.12,2.69
Amp_MexB_20260826,E,Ampicillin,21.99,2.70
Amp_MexB_20260826,E,Ampicillin,21.84,2.72
Amp_MexB_20260826,E,Ampicillin,21.69,2.74
Amp_MexB_20260826,E,Ampicillin,21.55,2.76
Amp_MexB_20260826,E,Ampicillin,21.42,2.78
Amp_MexB_20260826,E,Ampicillin,21.29,2.80
Amp_MexB_20260826,E,Ampicillin,21.17,2.82
Amp_MexB_20260826,E,Ampicillin,21.04,2.84
Amp_MexB_20260826,E,Ampicillin,20.90,2.86
Amp_MexB_20260826,E,Ampicillin,20.76,2.87
Amp_MexB_20260826,E,Ampicillin,20.62,2.89
Amp_MexB_20260826,E,Ampicillin,20.48,2.92
Amp_MexB_20260826,E,Ampicillin,20.34,2.92
Amp_MexB_20260826,E,Ampicillin,20.19,2.93
Amp_MexB_20260826,E,Ampicillin,20.04,2.95
Amp_MexB_20260826,E,Ampicillin,19.89,2.97
Amp_MexB_20260826,E,Ampicillin,19.75,2.98
Amp_MexB_20260826,E,Ampicillin,19.60,2.99
Amp_MexB_20260826,E,Ampicillin,19.46,3.01
Amp_MexB_20260826,E,Ampicillin,19.31,3.03
Amp_MexB_20260826,E,Ampicillin,19.18,3.05
Amp_MexB_20260826,E,Ampicillin,19.05,3.08
Amp_MexB_20260826,E,Ampicillin,18.92,3.10
Amp_MexB_20260826,E,Ampicillin,18.79,3.13
Amp_MexB_20260826,E,Ampicillin,18.67,3.16
Amp_MexB_20260826,E,Ampicillin,18.55,3.18
Amp_MexB_20260826,E,Ampicillin,18.43,3.22
Amp_MexB_20260826,E,Ampicillin,18.31,3.25
Amp_MexB_20260826,E,Ampicillin,18.18,3.28
Amp_MexB_20260826,E,Ampicillin,18.06,3.32
Amp_MexB_20260826,E,Ampicillin,17.94,3.36
Amp_MexB_20260826,E,Ampicillin,17.81,3.41
Amp_MexB_20260826,E,Ampicillin,17.68,3.45
Amp_MexB_20260826,E,Ampicillin,17.54,3.50
Amp_MexB_20260826,E,Ampicillin,17.41,3.55
Amp_MexB_20260826,E,Ampicillin,17.27,3.60
Amp_MexB_20260826,E,Ampicillin,17.14,3.64
Amp_MexB_20260826,E,Ampicillin,17.02,3.69
Amp_MexB_20260826,E,Ampicillin,16.89,3.74
Amp_MexB_20260826,E,Ampicillin,16.77,3.79
Amp_MexB_20260826,E,Ampicillin,16.64,3.84
Amp_MexB_20260826,E,Ampicillin,16.50,3.88
Amp_MexB_20260826,E,Ampicillin,16.36,3.91
Amp_MexB_20260826,E,Ampicillin,16.22,3.96
Amp_MexB_20260826,E,Ampicillin,16.09,4.00
Amp_MexB_20260826,E,Ampicillin,15.95,4.05
Amp_MexB_20260826,E,Ampicillin,15.81,4.07
Amp_MexB_20260826,E,Ampicillin,15.67,4.11
Amp_MexB_20260826,E,Ampicillin,15.53,4.14
Amp_MexB_20260826,E,Ampicillin,15.39,4.18
Amp_MexB_20260826,E,Ampicillin,15.26,4.22
Amp_MexB_20260826,E,Ampicillin,15.13,4.20
Amp_MexB_20260826,E,Ampicillin,15.00,4.17
Amp_MexB_20260826,E,Ampicillin,14.88,4.15
Amp_MexB_20260826,E,Ampicillin,14.75,4.13
Amp_MexB_20260826,E,Ampicillin,14.62,4.11
Amp_MexB_20260826,E,Ampicillin,14.49,4.06
Amp_MexB_20260826,E,Ampicillin,14.36,4.02
Amp_MexB_20260826,E,Ampicillin,14.23,3.97
Amp_MexB_20260826,E,Ampicillin,14.10,3.93
Amp_MexB_20260826,E,Ampicillin,13.99,3.89
Amp_MexB_20260826,E,Ampicillin,13.88,3.86
Amp_MexB_20260826,E,Ampicillin,13.77,3.82
Amp_MexB_20260826,E,Ampicillin,13.67,3.78
Amp_MexB_20260826,E,Ampicillin,13.64,3.79
Amp_MexB_20260826,E,Ampicillin,13.55,3.81
Amp_MexB_20260826,E,Ampicillin,13.42,3.86
Amp_MexB_20260826,E,Ampicillin,13.28,3.90
Amp_MexB_20260826,E,Ampicillin,13.15,3.94
Amp_MexB_20260826,E,Ampicillin,13.02,3.98
Amp_MexB_20260826,E,Ampicillin,12.89,4.03
Amp_MexB_20260826,E,Ampicillin,12.78,4.07
Amp_MexB_20260826,E,Ampicillin,12.66,4.11
Amp_MexB_20260826,E,Ampicillin,12.54,4.16
Amp_MexB_20260826,E,Ampicillin,12.42,4.20
Amp_MexB_20260826,E,Ampicillin,12.29,4.26
Amp_MexB_20260826,E,Ampicillin,12.16,4.26
Amp_MexB_20260826,E,Ampicillin,12.03,4.26
Amp_MexB_20260826,E,Ampicillin,11.90,4.27
Amp_MexB_20260826,E,Ampicillin,11.77,4.28
Amp_MexB_20260826,E,Ampicillin,11.63,4.26
Amp_MexB_20260826,E,Ampicillin,11.50,4.25
Amp_MexB_20260826,E,Ampicillin,11.36,4.24
Amp_MexB_20260826,E,Ampicillin,11.22,4.22
Amp_MexB_20260826,E,Ampicillin,11.09,4.20
Amp_MexB_20260826,E,Ampicillin,10.95,4.18
Amp_MexB_20260826,E,Ampicillin,10.82,4.16
Amp_MexB_20260826,E,Ampicillin,10.68,4.15
Amp_MexB_20260826,E,Ampicillin,10.55,4.14
Amp_MexB_20260826,E,Ampicillin,10.42,4.13
Amp_MexB_20260826,E,Ampicillin,10.28,4.13
Amp_MexB_20260826,E,Ampicillin,10.15,4.11
Amp_MexB_20260826,E,Ampicillin,10.02,4.09
Amp_MexB_20260826,E,Ampicillin,9.89,4.08
Amp_MexB_20260826,E,Ampicillin,9.76,4.07
Amp_MexB_20260826,E,Ampicillin,9.63,4.08
Amp_MexB_20260826,E,Ampicillin,9.49,4.09
Amp_MexB_20260826,E,Ampicillin,9.36,4.10
Amp_MexB_20260826,E,Ampicillin,9.23,4.12
Amp_MexB_20260826,E,Ampicillin,9.10,4.11
Amp_MexB_20260826,E,Ampicillin,8.96,4.11
Amp_MexB_20260826,E,Ampicillin,8.83,4.11
Amp_MexB_20260826,E,Ampicillin,8.69,4.11
Amp_MexB_20260826,E,Ampicillin,8.55,4.12
Amp_MexB_20260826,E,Ampicillin,8.42,4.13
Amp_MexB_20260826,E,Ampicillin,8.28,4.15
Amp_MexB_20260826,E,Ampicillin,8.14,4.17
Amp_MexB_20260826,E,Ampicillin,8.01,4.17
Amp_MexB_20260826,E,Ampicillin,7.87,4.17
Amp_MexB_20260826,E,Ampicillin,7.74,4.18
Amp_MexB_20260826,E,Ampicillin,7.60,4.19
Amp_MexB_20260826,E,Ampicillin,7.47,4.20
Amp_MexB_20260826,E,Ampicillin,7.35,4.18
Amp_MexB_20260826,E,Ampicillin,7.22,4.16
Amp_MexB_20260826,E,Ampicillin,7.09,4.14
Amp_MexB_20260826,E,Ampicillin,6.97,4.13
Amp_MexB_20260826,E,Ampicillin,6.85,4.11
Amp_MexB_20260826,E,Ampicillin,6.72,4.10
Amp_MexB_20260826,E,Ampicillin,6.60,4.08
Amp_MexB_20260826,E,Ampicillin,6.48,4.07
Amp_MexB_20260826,E,Ampicillin,6.36,4.06
Amp_MexB_20260826,E,Ampicillin,6.23,4.06
Amp_MexB_20260826,E,Ampicillin,6.11,4.06
Amp_MexB_20260826,E,Ampicillin,5.98,4.05
Amp_MexB_20260826,E,Ampicillin,5.84,4.05
Amp_MexB_20260826,E,Ampicillin,5.71,4.06
Amp_MexB_20260826,E,Ampicillin,5.58,4.07
Amp_MexB_20260826,E,Ampicillin,5.43,4.07
Amp_MexB_20260826,E,Ampicillin,5.28,4.09
Amp_MexB_20260826,E,Ampicillin,5.13,4.10
Amp_MexB_20260826,E,Ampicillin,4.98,4.12
Amp_MexB_20260826,E,Ampicillin,4.84,4.12
Amp_MexB_20260826,E,Ampicillin,4.71,4.13
Amp_MexB_20260826,E,Ampicillin,4.58,4.14
Amp_MexB_20260826,E,Ampicillin,4.45,4.15
Amp_MexB_20260826,E,Ampicillin,4.32,4.17
Amp_MexB_20260826,E,Ampicillin,4.17,4.17
Amp_MexB_20260826,E,Ampicillin,4.03,4.18
Amp_MexB_20260826,E,Ampicillin,3.88,4.19
Amp_MexB_20260826,E,Ampicillin,3.74,4.21
Amp_MexB_20260826,E,Ampicillin,3.59,4.23
Amp_MexB_20260826,E,Ampicillin,3.46,4.23
Amp_MexB_20260826,E,Ampicillin,3.32,4.23
Amp_MexB_20260826,E,Ampicillin,3.19,4.23
Amp_MexB_20260826,E,Ampicillin,3.05,4.24
Amp_MexB_20260826,E,Ampicillin,2.92,4.26
Amp_MexB_20260826,E,Ampicillin,2.78,4.27
Amp_MexB_20260826,E,Ampicillin,2.64,4.25
Amp_MexB_20260826,E,Ampicillin,2.50,4.23
Amp_MexB_20260826,E,Ampicillin,2.36,4.21
Amp_MexB_20260826,E,Ampicillin,2.22,4.20
Amp_MexB_20260826,E,Ampicillin,2.08,4.19
Amp_MexB_20260826,E,Ampicillin,1.94,4.18
Amp_MexB_20260826,E,Ampicillin,1.79,4.10
Amp_MexB_20260826,E,Ampicillin,1.64,4.03
Amp_MexB_20260826,E,Ampicillin,1.50,3.96
Amp_MexB_20260826,E,Ampicillin,1.35,3.89
Amp_MexB_20260826,E,Ampicillin,1.20,3.83
Amp_MexB_20260826,E,Ampicillin,1.05,3.77
Amp_MexB_20260826,E,Ampicillin,0.92,3.68
Amp_MexB_20260826,E,Ampicillin,0.79,3.58
Amp_MexB_20260826,E,Ampicillin,0.66,3.49
Amp_MexB_20260826,E,Ampicillin,0.53,3.40
Amp_MexB_20260826,E,Ampicillin,0.39,3.32
Amp_MexB_20260826,E,Ampicillin,0.26,3.23
Amp_MexB_20260826,E,Ampicillin,0.13,3.15
Amp_MexB_20260826,E,Ampicillin,0.00,3.07
21FO,B,CYMAL-7,153.64,1.21
21FO,B,CYMAL-7,153.37,1.47
21FO,B,CYMAL-7,153.10,1.72
21FO,B,CYMAL-7,152.83,1.98
21FO,B,CYMAL-7,152.56,2.22
21FO,B,CYMAL-7,152.28,2.38
21FO,B,CYMAL-7,152.00,2.55
21FO,B,CYMAL-7,151.73,2.66
21FO,B,CYMAL-7,151.47,2.73
21FO,B,CYMAL-7,151.21,2.81
21FO,B,CYMAL-7,150.95,2.90
21FO,B,CYMAL-7,150.69,2.96
21FO,B,CYMAL-7,150.43,3.01
21FO,B,CYMAL-7,150.16,3.09
21FO,B,CYMAL-7,149.91,3.17
21FO,B,CYMAL-7,149.65,3.25
21FO,B,CYMAL-7,149.39,3.34
21FO,B,CYMAL-7,149.13,3.43
21FO,B,CYMAL-7,148.87,3.53
21FO,B,CYMAL-7,148.62,3.64
21FO,B,CYMAL-7,148.36,3.76
21FO,B,CYMAL-7,148.08,3.89
21FO,B,CYMAL-7,147.78,4.05
21FO,B,CYMAL-7,147.48,4.21
21FO,B,CYMAL-7,147.18,4.38
21FO,B,CYMAL-7,146.89,4.51
21FO,B,CYMAL-7,146.60,4.66
21FO,B,CYMAL-7,146.32,4.81
21FO,B,CYMAL-7,146.04,4.97
21FO,B,CYMAL-7,145.77,4.96
21FO,B,CYMAL-7,145.48,4.83
21FO,B,CYMAL-7,145.19,4.67
21FO,B,CYMAL-7,144.89,4.53
21FO,B,CYMAL-7,144.59,4.33
21FO,B,CYMAL-7,144.29,4.13
21FO,B,CYMAL-7,144.06,3.93
21FO,B,CYMAL-7,143.83,3.74
21FO,B,CYMAL-7,143.57,3.54
21FO,B,CYMAL-7,143.32,3.38
21FO,B,CYMAL-7,143.07,3.26
21FO,B,CYMAL-7,142.80,3.16
21FO,B,CYMAL-7,142.52,3.07
21FO,B,CYMAL-7,142.28,2.97
21FO,B,CYMAL-7,142.04,2.88
21FO,B,CYMAL-7,141.80,2.76
21FO,B,CYMAL-7,141.54,2.61
21FO,B,CYMAL-7,141.27,2.50
21FO,B,CYMAL-7,141.01,2.43
21FO,B,CYMAL-7,140.75,2.39
21FO,B,CYMAL-7,140.50,2.37
21FO,B,CYMAL-7,140.25,2.36
21FO,B,CYMAL-7,140.00,2.34
21FO,B,CYMAL-7,139.74,2.32
21FO,B,CYMAL-7,139.49,2.31
21FO,B,CYMAL-7,139.25,2.29
21FO,B,CYMAL-7,138.99,2.28
21FO,B,CYMAL-7,138.70,2.28
21FO,B,CYMAL-7,138.41,2.26
21FO,B,CYMAL-7,138.38,2.26
21FO,B,CYMAL-7,138.17,2.27
21FO,B,CYMAL-7,137.89,2.31
21FO,B,CYMAL-7,137.62,2.36
21FO,B,CYMAL-7,137.35,2.41
21FO,B,CYMAL-7,137.08,2.46
21FO,B,CYMAL-7,136.80,2.52
21FO,B,CYMAL-7,136.53,2.59
21FO,B,CYMAL-7,136.26,2.65
21FO,B,CYMAL-7,136.00,2.70
21FO,B,CYMAL-7,135.74,2.76
21FO,B,CYMAL-7,135.48,2.84
21FO,B,CYMAL-7,135.22,2.88
21FO,B,CYMAL-7,134.95,2.92
21FO,B,CYMAL-7,134.68,2.97
21FO,B,CYMAL-7,134.42,3.02
21FO,B,CYMAL-7,134.15,3.05
21FO,B,CYMAL-7,133.88,3.11
21FO,B,CYMAL-7,133.62,3.11
21FO,B,CYMAL-7,133.36,3.11
21FO,B,CYMAL-7,133.09,3.13
21FO,B,CYMAL-7,132.83,3.16
21FO,B,CYMAL-7,132.56,3.18
21FO,B,CYMAL-7,132.28,3.20
21FO,B,CYMAL-7,132.00,3.23
21FO,B,CYMAL-7,131.72,3.24
21FO,B,CYMAL-7,131.44,3.24
21FO,B,CYMAL-7,131.15,3.26
21FO,B,CYMAL-7,130.91,3.23
21FO,B,CYMAL-7,130.67,3.22
21FO,B,CYMAL-7,130.40,3.18
21FO,B,CYMAL-7,130.11,3.17
21FO,B,CYMAL-7,129.89,3.17
21FO,B,CYMAL-7,129.65,3.15
21FO,B,CYMAL-7,129.38,3.14
21FO,B,CYMAL-7,129.09,3.10
21FO,B,CYMAL-7,128.79,3.08
21FO,B,CYMAL-7,128.51,3.04
21FO,B,CYMAL-7,128.24,3.02
21FO,B,CYMAL-7,127.97,3.00
21FO,B,CYMAL-7,127.72,2.97
21FO,B,CYMAL-7,127.46,2.96
21FO,B,CYMAL-7,127.22,2.93
21FO,B,CYMAL-7,126.97,2.91
21FO,B,CYMAL-7,126.73,2.89
21FO,B,CYMAL-7,126.48,2.88
21FO,B,CYMAL-7,126.23,2.88
21FO,B,CYMAL-7,125.98,2.87
21FO,B,CYMAL-7,125.73,2.87
21FO,B,CYMAL-7,125.48,2.88
21FO,B,CYMAL-7,125.23,2.88
21FO,B,CYMAL-7,124.98,2.81
21FO,B,CYMAL-7,124.73,2.76
21FO,B,CYMAL-7,124.48,2.70
21FO,B,CYMAL-7,124.23,2.65
21FO,B,CYMAL-7,123.98,2.61
21FO,B,CYMAL-7,123.72,2.60
21FO,B,CYMAL-7,123.46,2.57
21FO,B,CYMAL-7,123.20,2.55
21FO,B,CYMAL-7,122.94,2.54
21FO,B,CYMAL-7,122.68,2.52
21FO,B,CYMAL-7,122.42,2.51
21FO,B,CYMAL-7,122.13,2.47
21FO,B,CYMAL-7,121.83,2.46
21FO,B,CYMAL-7,121.58,2.43
21FO,B,CYMAL-7,121.34,2.42
21FO,B,CYMAL-7,121.10,2.39
21FO,B,CYMAL-7,120.85,2.38
21FO,B,CYMAL-7,120.61,2.35
21FO,B,CYMAL-7,120.31,2.27
21FO,B,CYMAL-7,120.02,2.20
21FO,B,CYMAL-7,119.74,2.13
21FO,B,CYMAL-7,119.47,2.08
21FO,B,CYMAL-7,119.21,2.03
21FO,B,CYMAL-7,118.95,2.00
21FO,B,CYMAL-7,118.70,1.97
21FO,B,CYMAL-7,118.46,1.95
21FO,B,CYMAL-7,118.19,1.94
21FO,B,CYMAL-7,117.89,1.95
21FO,B,CYMAL-7,117.59,1.96
21FO,B,CYMAL-7,117.30,1.96
21FO,B,CYMAL-7,117.02,1.96
21FO,B,CYMAL-7,116.72,1.96
21FO,B,CYMAL-7,116.44,1.96
21FO,B,CYMAL-7,116.19,1.96
21FO,B,CYMAL-7,115.93,1.97
21FO,B,CYMAL-7,115.66,1.97
21FO,B,CYMAL-7,115.38,1.98
21FO,B,CYMAL-7,115.10,2.01
21FO,B,CYMAL-7,114.82,2.04
21FO,B,CYMAL-7,114.53,2.05
21FO,B,CYMAL-7,114.23,2.09
21FO,B,CYMAL-7,113.95,2.11
21FO,B,CYMAL-7,113.68,2.13
21FO,B,CYMAL-7,113.41,2.16
21FO,B,CYMAL-7,113.14,2.21
21FO,B,CYMAL-7,112.87,2.22
21FO,B,CYMAL-7,112.59,2.25
21FO,B,CYMAL-7,112.32,2.30
21FO,B,CYMAL-7,112.05,2.33
21FO,B,CYMAL-7,111.75,2.30
21FO,B,CYMAL-7,111.45,2.22
21FO,B,CYMAL-7,111.18,2.15
21FO,B,CYMAL-7,110.92,2.08
21FO,B,CYMAL-7,110.67,2.02
21FO,B,CYMAL-7,110.41,1.97
21FO,B,CYMAL-7,110.13,1.92
21FO,B,CYMAL-7,109.85,1.88
21FO,B,CYMAL-7,109.57,1.87
21FO,B,CYMAL-7,109.30,1.85
21FO,B,CYMAL-7,109.04,1.86
21FO,B,CYMAL-7,108.77,1.86
21FO,B,CYMAL-7,108.48,1.88
21FO,B,CYMAL-7,108.21,1.90
21FO,B,CYMAL-7,107.97,1.92
21FO,B,CYMAL-7,107.72,1.95
21FO,B,CYMAL-7,107.45,1.95
21FO,B,CYMAL-7,107.18,1.95
21FO,B,CYMAL-7,106.93,1.91
21FO,B,CYMAL-7,106.68,1.89
21FO,B,CYMAL-7,106.43,1.84
21FO,B,CYMAL-7,106.18,1.81
21FO,B,CYMAL-7,105.93,1.78
21FO,B,CYMAL-7,105.66,1.78
21FO,B,CYMAL-7,105.39,1.79
21FO,B,CYMAL-7,105.10,1.82
21FO,B,CYMAL-7,104.80,1.87
21FO,B,CYMAL-7,104.52,1.94
21FO,B,CYMAL-7,104.25,1.97
21FO,B,CYMAL-7,103.99,2.02
21FO,B,CYMAL-7,103.72,2.05
21FO,B,CYMAL-7,103.44,2.07
21FO,B,CYMAL-7,103.17,2.10
21FO,B,CYMAL-7,102.89,2.11
21FO,B,CYMAL-7,102.60,2.09
21FO,B,CYMAL-7,102.31,2.09
21FO,B,CYMAL-7,102.04,2.08
21FO,B,CYMAL-7,101.78,2.09
21FO,B,CYMAL-7,101.52,2.09
21FO,B,CYMAL-7,101.26,2.11
21FO,B,CYMAL-7,100.99,2.11
21FO,B,CYMAL-7,100.72,2.13
21FO,B,CYMAL-7,100.44,2.17
21FO,B,CYMAL-7,100.16,2.23
21FO,B,CYMAL-7,99.87,2.26
21FO,B,CYMAL-7,99.58,2.28
21FO,B,CYMAL-7,99.29,2.32
21FO,B,CYMAL-7,98.99,2.34
21FO,B,CYMAL-7,98.70,2.38
21FO,B,CYMAL-7,98.43,2.38
21FO,B,CYMAL-7,98.16,2.40
21FO,B,CYMAL-7,97.90,2.42
21FO,B,CYMAL-7,97.66,2.45
21FO,B,CYMAL-7,97.42,2.49
21FO,B,CYMAL-7,97.18,2.55
21FO,B,CYMAL-7,96.93,2.61
21FO,B,CYMAL-7,96.70,2.69
21FO,B,CYMAL-7,96.46,2.78
21FO,B,CYMAL-7,96.19,2.90
21FO,B,CYMAL-7,95.93,2.88
21FO,B,CYMAL-7,95.69,2.82
21FO,B,CYMAL-7,95.43,2.73
21FO,B,CYMAL-7,95.14,2.60
21FO,B,CYMAL-7,94.87,2.46
21FO,B,CYMAL-7,94.60,2.32
21FO,B,CYMAL-7,94.34,2.18
21FO,B,CYMAL-7,94.07,2.07
21FO,B,CYMAL-7,93.81,1.97
21FO,B,CYMAL-7,93.54,1.89
21FO,B,CYMAL-7,93.26,1.83
21FO,B,CYMAL-7,92.99,1.79
21FO,B,CYMAL-7,92.71,1.77
21FO,B,CYMAL-7,92.44,1.76
21FO,B,CYMAL-7,92.16,1.77
21FO,B,CYMAL-7,91.88,1.80
21FO,B,CYMAL-7,91.62,1.83
21FO,B,CYMAL-7,91.36,1.88
21FO,B,CYMAL-7,91.09,1.94
21FO,B,CYMAL-7,90.80,2.01
21FO,B,CYMAL-7,90.50,2.10
21FO,B,CYMAL-7,90.23,2.19
21FO,B,CYMAL-7,89.99,2.27
21FO,B,CYMAL-7,89.75,2.36
21FO,B,CYMAL-7,89.49,2.42
21FO,B,CYMAL-7,89.24,2.49
21FO,B,CYMAL-7,88.98,2.48
21FO,B,CYMAL-7,88.71,2.47
21FO,B,CYMAL-7,88.45,2.42
21FO,B,CYMAL-7,88.20,2.38
21FO,B,CYMAL-7,87.90,2.29
21FO,B,CYMAL-7,87.61,2.23
21FO,B,CYMAL-7,87.33,2.17
21FO,B,CYMAL-7,87.05,2.13
21FO,B,CYMAL-7,86.78,2.12
21FO,B,CYMAL-7,86.52,2.09
21FO,B,CYMAL-7,86.26,2.04
21FO,B,CYMAL-7,86.00,1.97
21FO,B,CYMAL-7,85.73,1.89
21FO,B,CYMAL-7,85.45,1.83
21FO,B,CYMAL-7,85.21,1.74
21FO,B,CYMAL-7,84.95,1.64
21FO,B,CYMAL-7,84.70,1.55
21FO,B,CYMAL-7,84.45,1.48
21FO,B,CYMAL-7,84.19,1.42
21FO,B,CYMAL-7,83.93,1.38
21FO,B,CYMAL-7,83.67,1.37
21FO,B,CYMAL-7,83.37,1.37
21FO,B,CYMAL-7,83.08,1.40
21FO,B,CYMAL-7,82.79,1.45
21FO,B,CYMAL-7,82.51,1.52
21FO,B,CYMAL-7,82.22,1.58
21FO,B,CYMAL-7,81.96,1.63
21FO,B,CYMAL-7,81.71,1.68
21FO,B,CYMAL-7,81.46,1.66
21FO,B,CYMAL-7,81.18,1.66
21FO,B,CYMAL-7,80.91,1.68
21FO,B,CYMAL-7,80.65,1.70
21FO,B,CYMAL-7,80.40,1.74
21FO,B,CYMAL-7,80.12,1.75
21FO,B,CYMAL-7,79.85,1.77
21FO,B,CYMAL-7,79.56,1.77
21FO,B,CYMAL-7,79.27,1.80
21FO,B,CYMAL-7,78.97,1.80
21FO,B,CYMAL-7,78.67,1.83
21FO,B,CYMAL-7,78.39,1.81
21FO,B,CYMAL-7,78.11,1.82
21FO,B,CYMAL-7,77.84,1.80
21FO,B,CYMAL-7,77.58,1.80
21FO,B,CYMAL-7,77.32,1.81
21FO,B,CYMAL-7,77.06,1.84
21FO,B,CYMAL-7,76.78,1.90
21FO,B,CYMAL-7,76.50,1.98
21FO,B,CYMAL-7,76.22,2.06
21FO,B,CYMAL-7,75.94,2.16
21FO,B,CYMAL-7,75.67,2.27
21FO,B,CYMAL-7,75.39,2.38
21FO,B,CYMAL-7,75.11,2.51
21FO,B,CYMAL-7,74.85,2.62
21FO,B,CYMAL-7,74.59,2.72
21FO,B,CYMAL-7,74.33,2.84
21FO,B,CYMAL-7,74.06,2.97
21FO,B,CYMAL-7,73.79,3.05
21FO,B,CYMAL-7,73.51,3.15
21FO,B,CYMAL-7,73.23,3.27
21FO,B,CYMAL-7,72.95,3.33
21FO,B,CYMAL-7,72.67,3.35
21FO,B,CYMAL-7,72.38,3.38
21FO,B,CYMAL-7,72.10,3.42
21FO,B,CYMAL-7,71.84,3.41
21FO,B,CYMAL-7,71.57,3.41
21FO,B,CYMAL-7,71.31,3.43
21FO,B,CYMAL-7,71.04,3.44
21FO,B,CYMAL-7,70.78,3.43
21FO,B,CYMAL-7,70.51,3.44
21FO,B,CYMAL-7,70.24,3.46
21FO,B,CYMAL-7,69.98,3.44
21FO,B,CYMAL-7,69.72,3.44
21FO,B,CYMAL-7,69.46,3.45
21FO,B,CYMAL-7,69.18,3.45
21FO,B,CYMAL-7,68.89,3.44
21FO,B,CYMAL-7,68.60,3.41
21FO,B,CYMAL-7,68.32,3.38
21FO,B,CYMAL-7,68.04,3.33
21FO,B,CYMAL-7,67.75,3.29
21FO,B,CYMAL-7,67.52,3.22
21FO,B,CYMAL-7,67.30,3.16
21FO,B,CYMAL-7,67.10,3.05
21FO,B,CYMAL-7,66.87,3.03
21FO,B,CYMAL-7,66.66,3.02
21FO,B,CYMAL-7,66.37,2.95
21FO,B,CYMAL-7,66.08,2.91
21FO,B,CYMAL-7,65.81,2.83
21FO,B,CYMAL-7,65.54,2.78
21FO,B,CYMAL-7,65.27,2.73
21FO,B,CYMAL-7,64.98,2.66
21FO,B,CYMAL-7,64.69,2.60
21FO,B,CYMAL-7,64.40,2.57
21FO,B,CYMAL-7,64.13,2.52
21FO,B,CYMAL-7,63.87,2.49
21FO,B,CYMAL-7,63.61,2.47
21FO,B,CYMAL-7,63.33,2.44
21FO,B,CYMAL-7,63.05,2.43
21FO,B,CYMAL-7,62.75,2.42
21FO,B,CYMAL-7,62.59,2.47
21FO,B,CYMAL-7,62.32,2.59
21FO,B,CYMAL-7,62.03,2.69
21FO,B,CYMAL-7,61.74,2.77
21FO,B,CYMAL-7,61.47,2.85
21FO,B,CYMAL-7,61.21,2.90
21FO,B,CYMAL-7,60.96,2.93
21FO,B,CYMAL-7,60.74,2.94
21FO,B,CYMAL-7,60.53,2.94
21FO,B,CYMAL-7,60.41,2.95
21FO,B,CYMAL-7,60.15,2.98
21FO,B,CYMAL-7,59.88,3.00
21FO,B,CYMAL-7,59.62,3.02
21FO,B,CYMAL-7,59.37,3.03
21FO,B,CYMAL-7,59.12,3.05
21FO,B,CYMAL-7,58.85,3.07
21FO,B,CYMAL-7,58.55,3.08
21FO,B,CYMAL-7,58.26,3.12
21FO,B,CYMAL-7,57.97,3.15
21FO,B,CYMAL-7,57.69,3.17
21FO,B,CYMAL-7,57.41,3.21
21FO,B,CYMAL-7,57.13,3.26
21FO,B,CYMAL-7,56.85,3.26
21FO,B,CYMAL-7,56.57,3.28
21FO,B,CYMAL-7,56.29,3.32
21FO,B,CYMAL-7,56.03,3.32
21FO,B,CYMAL-7,55.77,3.30
21FO,B,CYMAL-7,55.51,3.29
21FO,B,CYMAL-7,55.24,3.30
21FO,B,CYMAL-7,54.99,3.23
21FO,B,CYMAL-7,54.73,3.18
21FO,B,CYMAL-7,54.47,3.14
21FO,B,CYMAL-7,54.20,3.10
21FO,B,CYMAL-7,53.92,3.05
21FO,B,CYMAL-7,53.64,3.02
21FO,B,CYMAL-7,53.38,3.00
21FO,B,CYMAL-7,53.12,2.90
21FO,B,CYMAL-7,52.86,2.81
21FO,B,CYMAL-7,52.60,2.72
21FO,B,CYMAL-7,52.36,2.67
21FO,B,CYMAL-7,52.11,2.62
21FO,B,CYMAL-7,51.88,2.56
21FO,B,CYMAL-7,51.65,2.48
21FO,B,CYMAL-7,51.40,2.39
21FO,B,CYMAL-7,51.14,2.32
21FO,B,CYMAL-7,50.96,2.27
21FO,B,CYMAL-7,50.76,2.32
21FO,B,CYMAL-7,50.47,2.42
21FO,B,CYMAL-7,50.19,2.51
21FO,B,CYMAL-7,49.93,2.59
21FO,B,CYMAL-7,49.67,2.69
21FO,B,CYMAL-7,49.41,2.78
21FO,B,CYMAL-7,49.15,2.89
21FO,B,CYMAL-7,48.89,2.95
21FO,B,CYMAL-7,48.60,2.95
21FO,B,CYMAL-7,48.31,2.97
21FO,B,CYMAL-7,48.02,3.01
21FO,B,CYMAL-7,47.74,2.99
21FO,B,CYMAL-7,47.46,2.99
21FO,B,CYMAL-7,47.18,3.00
21FO,B,CYMAL-7,46.90,3.00
21FO,B,CYMAL-7,46.62,2.97
21FO,B,CYMAL-7,46.34,2.97
21FO,B,CYMAL-7,46.05,2.98
21FO,B,CYMAL-7,45.79,2.93
21FO,B,CYMAL-7,45.53,2.90
21FO,B,CYMAL-7,45.27,2.87
21FO,B,CYMAL-7,45.00,2.83
21FO,B,CYMAL-7,44.72,2.78
21FO,B,CYMAL-7,44.44,2.74
21FO,B,CYMAL-7,44.16,2.69
21FO,B,CYMAL-7,43.88,2.63
21FO,B,CYMAL-7,43.60,2.59
21FO,B,CYMAL-7,43.32,2.55
21FO,B,CYMAL-7,43.04,2.52
21FO,B,CYMAL-7,42.76,2.50
21FO,B,CYMAL-7,42.48,2.46
21FO,B,CYMAL-7,42.19,2.38
21FO,B,CYMAL-7,41.91,2.33
21FO,B,CYMAL-7,41.63,2.27
21FO,B,CYMAL-7,41.36,2.19
21FO,B,CYMAL-7,41.09,2.13
21FO,B,CYMAL-7,40.82,2.03
21FO,B,CYMAL-7,40.54,1.91
21FO,B,CYMAL-7,40.25,1.82
21FO,B,CYMAL-7,39.97,1.75
21FO,B,CYMAL-7,39.70,1.69
21FO,B,CYMAL-7,39.44,1.63
21FO,B,CYMAL-7,39.18,1.59
21FO,B,CYMAL-7,38.91,1.57
21FO,B,CYMAL-7,38.64,1.54
21FO,B,CYMAL-7,38.37,1.53
21FO,B,CYMAL-7,38.11,1.54
21FO,B,CYMAL-7,37.83,1.56
21FO,B,CYMAL-7,37.55,1.59
21FO,B,CYMAL-7,37.28,1.58
21FO,B,CYMAL-7,37.00,1.58
21FO,B,CYMAL-7,36.73,1.60
21FO,B,CYMAL-7,36.44,1.60
21FO,B,CYMAL-7,36.14,1.59
21FO,B,CYMAL-7,35.84,1.61
21FO,B,CYMAL-7,35.55,1.64
21FO,B,CYMAL-7,35.25,1.67
21FO,B,CYMAL-7,34.97,1.71
21FO,B,CYMAL-7,34.71,1.76
21FO,B,CYMAL-7,34.45,1.81
21FO,B,CYMAL-7,34.16,1.87
21FO,B,CYMAL-7,33.90,1.92
21FO,B,CYMAL-7,33.65,1.98
21FO,B,CYMAL-7,33.39,2.05
21FO,B,CYMAL-7,33.12,2.10
21FO,B,CYMAL-7,32.85,2.18
21FO,B,CYMAL-7,32.56,2.23
21FO,B,CYMAL-7,32.27,2.28
21FO,B,CYMAL-7,31.97,2.34
21FO,B,CYMAL-7,31.72,2.35
21FO,B,CYMAL-7,31.46,2.37
21FO,B,CYMAL-7,31.20,2.40
21FO,B,CYMAL-7,30.93,2.38
21FO,B,CYMAL-7,30.66,2.39
21FO,B,CYMAL-7,30.39,2.40
21FO,B,CYMAL-7,30.10,2.40
21FO,B,CYMAL-7,29.81,2.42
21FO,B,CYMAL-7,29.52,2.46
21FO,B,CYMAL-7,29.24,2.47
21FO,B,CYMAL-7,28.96,2.49
21FO,B,CYMAL-7,28.68,2.54
21FO,B,CYMAL-7,28.41,2.54
21FO,B,CYMAL-7,28.14,2.56
21FO,B,CYMAL-7,27.88,2.59
21FO,B,CYMAL-7,27.62,2.57
21FO,B,CYMAL-7,27.37,2.57
21FO,B,CYMAL-7,27.12,2.58
21FO,B,CYMAL-7,26.85,2.57
21FO,B,CYMAL-7,26.58,2.57
21FO,B,CYMAL-7,26.30,2.58
21FO,B,CYMAL-7,26.01,2.59
21FO,B,CYMAL-7,25.74,2.63
21FO,B,CYMAL-7,25.50,2.65
21FO,B,CYMAL-7,25.24,2.63
21FO,B,CYMAL-7,24.97,2.62
21FO,B,CYMAL-7,24.75,2.61
21FO,B,CYMAL-7,24.50,2.63
21FO,B,CYMAL-7,24.25,2.68
21FO,B,CYMAL-7,24.04,2.74
21FO,B,CYMAL-7,23.75,2.77
21FO,B,CYMAL-7,23.47,2.78
21FO,B,CYMAL-7,23.17,2.77
21FO,B,CYMAL-7,22.90,2.76
21FO,B,CYMAL-7,22.65,2.74
21FO,B,CYMAL-7,22.39,2.73
21FO,B,CYMAL-7,22.12,2.71
21FO,B,CYMAL-7,21.83,2.71
21FO,B,CYMAL-7,21.54,2.71
21FO,B,CYMAL-7,21.26,2.72
21FO,B,CYMAL-7,21.00,2.73
21FO,B,CYMAL-7,20.73,2.75
21FO,B,CYMAL-7,20.46,2.79
21FO,B,CYMAL-7,20.18,2.79
21FO,B,CYMAL-7,19.90,2.81
21FO,B,CYMAL-7,19.63,2.84
21FO,B,CYMAL-7,19.35,2.87
21FO,B,CYMAL-7,19.07,2.88
21FO,B,CYMAL-7,18.78,2.91
21FO,B,CYMAL-7,18.50,2.96
21FO,B,CYMAL-7,18.23,2.97
21FO,B,CYMAL-7,17.96,2.99
21FO,B,CYMAL-7,17.68,3.03
21FO,B,CYMAL-7,17.41,3.07
21FO,B,CYMAL-7,17.14,3.09
21FO,B,CYMAL-7,16.86,3.13
21FO,B,CYMAL-7,16.59,3.16
21FO,B,CYMAL-7,16.30,3.19
21FO,B,CYMAL-7,16.02,3.19
21FO,B,CYMAL-7,15.73,3.17
21FO,B,CYMAL-7,15.44,3.16
21FO,B,CYMAL-7,15.16,3.14
21FO,B,CYMAL-7,14.88,3.15
21FO,B,CYMAL-7,14.60,3.14
21FO,B,CYMAL-7,14.32,3.14
21FO,B,CYMAL-7,14.04,3.15
21FO,B,CYMAL-7,13.75,3.18
21FO,B,CYMAL-7,13.47,3.22
21FO,B,CYMAL-7,13.18,3.22
21FO,B,CYMAL-7,12.89,3.25
21FO,B,CYMAL-7,12.60,3.28
21FO,B,CYMAL-7,12.32,3.31
21FO,B,CYMAL-7,12.03,3.36
21FO,B,CYMAL-7,11.75,3.38
21FO,B,CYMAL-7,11.48,3.41
21FO,B,CYMAL-7,11.21,3.45
21FO,B,CYMAL-7,10.95,3.49
21FO,B,CYMAL-7,10.69,3.55
21FO,B,CYMAL-7,10.44,3.61
21FO,B,CYMAL-7,10.19,3.66
21FO,B,CYMAL-7,9.93,3.61
21FO,B,CYMAL-7,9.67,3.57
21FO,B,CYMAL-7,9.40,3.54
21FO,B,CYMAL-7,9.10,3.51
21FO,B,CYMAL-7,8.80,3.49
21FO,B,CYMAL-7,8.51,3.46
21FO,B,CYMAL-7,8.22,3.43
21FO,B,CYMAL-7,7.92,3.41
21FO,B,CYMAL-7,7.64,3.39
21FO,B,CYMAL-7,7.37,3.36
21FO,B,CYMAL-7,7.09,3.34
21FO,B,CYMAL-7,6.82,3.34
21FO,B,CYMAL-7,6.53,3.32
21FO,B,CYMAL-7,6.25,3.32
21FO,B,CYMAL-7,5.96,3.33
21FO,B,CYMAL-7,5.69,3.32
21FO,B,CYMAL-7,5.42,3.30
21FO,B,CYMAL-7,5.15,3.29
21FO,B,CYMAL-7,4.88,3.30
21FO,B,CYMAL-7,4.62,3.29
21FO,B,CYMAL-7,4.36,3.30
21FO,B,CYMAL-7,4.09,3.33
21FO,B,CYMAL-7,3.83,3.35
21FO,B,CYMAL-7,3.55,3.37
21FO,B,CYMAL-7,3.28,3.41
21FO,B,CYMAL-7,3.01,3.47
21FO,B,CYMAL-7,2.73,3.48
21FO,B,CYMAL-7,2.45,3.51
21FO,B,CYMAL-7,2.17,3.56
21FO,B,CYMAL-7,1.90,3.58
21FO,B,CYMAL-7,1.62,3.57
21FO,B,CYMAL-7,1.34,3.57
21FO,B,CYMAL-7,1.06,3.58
21FO,B,CYMAL-7,0.80,3.51
21FO,B,CYMAL-7,0.53,3.46
21FO,B,CYMAL-7,0.27,3.43
21FO,B,CYMAL-7,0.00,3.40
21FP,B,Chloramphenicol,66.11,2.01
21FP,B,Chloramphenicol,65.98,2.08
21FP,B,Chloramphenicol,65.85,2.16
21FP,B,Chloramphenicol,65.72,2.24
21FP,B,Chloramphenicol,65.59,2.33
21FP,B,Chloramphenicol,65.46,2.41
21FP,B,Chloramphenicol,65.33,2.50
21FP,B,Chloramphenicol,65.21,2.59
21FP,B,Chloramphenicol,65.07,2.64
21FP,B,Chloramphenicol,64.94,2.70
21FP,B,Chloramphenicol,64.81,2.76
21FP,B,Chloramphenicol,64.67,2.83
21FP,B,Chloramphenicol,64.54,2.89
21FP,B,Chloramphenicol,64.41,2.96
21FP,B,Chloramphenicol,64.26,2.99
21FP,B,Chloramphenicol,64.12,3.02
21FP,B,Chloramphenicol,63.98,3.06
21FP,B,Chloramphenicol,63.83,3.09
21FP,B,Chloramphenicol,63.69,3.11
21FP,B,Chloramphenicol,63.55,3.13
21FP,B,Chloramphenicol,63.42,3.15
21FP,B,Chloramphenicol,63.29,3.16
21FP,B,Chloramphenicol,63.16,3.18
21FP,B,Chloramphenicol,63.03,3.20
21FP,B,Chloramphenicol,62.90,3.23
21FP,B,Chloramphenicol,62.77,3.26
21FP,B,Chloramphenicol,62.63,3.28
21FP,B,Chloramphenicol,62.49,3.26
21FP,B,Chloramphenicol,62.35,3.22
21FP,B,Chloramphenicol,62.20,3.18
21FP,B,Chloramphenicol,62.05,3.14
21FP,B,Chloramphenicol,61.90,3.10
21FP,B,Chloramphenicol,61.76,3.07
21FP,B,Chloramphenicol,61.61,3.03
21FP,B,Chloramphenicol,61.47,3.00
21FP,B,Chloramphenicol,61.33,2.97
21FP,B,Chloramphenicol,61.20,2.95
21FP,B,Chloramphenicol,61.06,2.93
21FP,B,Chloramphenicol,60.93,2.92
21FP,B,Chloramphenicol,60.80,2.90
21FP,B,Chloramphenicol,60.67,2.90
21FP,B,Chloramphenicol,60.55,2.89
21FP,B,Chloramphenicol,60.40,2.90
21FP,B,Chloramphenicol,60.25,2.90
21FP,B,Chloramphenicol,60.10,2.91
21FP,B,Chloramphenicol,59.97,2.92
21FP,B,Chloramphenicol,59.83,2.93
21FP,B,Chloramphenicol,59.70,2.94
21FP,B,Chloramphenicol,59.57,2.95
21FP,B,Chloramphenicol,59.43,2.96
21FP,B,Chloramphenicol,59.29,2.98
21FP,B,Chloramphenicol,59.16,2.99
21FP,B,Chloramphenicol,59.02,3.01
21FP,B,Chloramphenicol,58.89,3.01
21FP,B,Chloramphenicol,58.75,3.01
21FP,B,Chloramphenicol,58.62,3.01
21FP,B,Chloramphenicol,58.48,3.01
21FP,B,Chloramphenicol,58.35,2.99
21FP,B,Chloramphenicol,58.22,2.97
21FP,B,Chloramphenicol,58.08,2.96
21FP,B,Chloramphenicol,57.95,2.95
21FP,B,Chloramphenicol,57.81,2.91
21FP,B,Chloramphenicol,57.66,2.88
21FP,B,Chloramphenicol,57.51,2.85
21FP,B,Chloramphenicol,57.39,2.83
21FP,B,Chloramphenicol,57.26,2.81
21FP,B,Chloramphenicol,57.13,2.79
21FP,B,Chloramphenicol,56.99,2.79
21FP,B,Chloramphenicol,56.86,2.79
21FP,B,Chloramphenicol,56.72,2.79
21FP,B,Chloramphenicol,56.59,2.81
21FP,B,Chloramphenicol,56.46,2.84
21FP,B,Chloramphenicol,56.32,2.86
21FP,B,Chloramphenicol,56.19,2.91
21FP,B,Chloramphenicol,56.06,2.96
21FP,B,Chloramphenicol,55.93,3.01
21FP,B,Chloramphenicol,55.79,3.02
21FP,B,Chloramphenicol,55.64,3.03
21FP,B,Chloramphenicol,55.49,3.05
21FP,B,Chloramphenicol,55.35,3.03
21FP,B,Chloramphenicol,55.20,3.01
21FP,B,Chloramphenicol,55.05,3.01
21FP,B,Chloramphenicol,54.90,3.00
21FP,B,Chloramphenicol,54.77,2.97
21FP,B,Chloramphenicol,54.63,2.94
21FP,B,Chloramphenicol,54.50,2.92
21FP,B,Chloramphenicol,54.36,2.90
21FP,B,Chloramphenicol,54.23,2.89
21FP,B,Chloramphenicol,54.10,2.88
21FP,B,Chloramphenicol,53.98,2.87
21FP,B,Chloramphenicol,53.85,2.87
21FP,B,Chloramphenicol,53.73,2.86
21FP,B,Chloramphenicol,53.60,2.86
21FP,B,Chloramphenicol,53.45,2.85
21FP,B,Chloramphenicol,53.30,2.84
21FP,B,Chloramphenicol,53.15,2.84
21FP,B,Chloramphenicol,53.00,2.84
21FP,B,Chloramphenicol,52.88,2.85
21FP,B,Chloramphenicol,52.76,2.85
21FP,B,Chloramphenicol,52.63,2.86
21FP,B,Chloramphenicol,52.51,2.87
21FP,B,Chloramphenicol,52.38,2.88
21FP,B,Chloramphenicol,52.25,2.88
21FP,B,Chloramphenicol,52.11,2.88
21FP,B,Chloramphenicol,51.97,2.89
21FP,B,Chloramphenicol,51.84,2.90
21FP,B,Chloramphenicol,51.70,2.92
21FP,B,Chloramphenicol,51.58,2.92
21FP,B,Chloramphenicol,51.45,2.93
21FP,B,Chloramphenicol,51.32,2.94
21FP,B,Chloramphenicol,51.19,2.96
21FP,B,Chloramphenicol,51.06,2.98
21FP,B,Chloramphenicol,50.94,3.00
21FP,B,Chloramphenicol,50.79,3.01
21FP,B,Chloramphenicol,50.65,3.03
21FP,B,Chloramphenicol,50.50,3.06
21FP,B,Chloramphenicol,50.36,3.08
21FP,B,Chloramphenicol,50.21,3.12
21FP,B,Chloramphenicol,50.07,3.15
21FP,B,Chloramphenicol,49.93,3.21
21FP,B,Chloramphenicol,49.79,3.24
21FP,B,Chloramphenicol,49.65,3.26
21FP,B,Chloramphenicol,49.51,3.29
21FP,B,Chloramphenicol,49.37,3.32
21FP,B,Chloramphenicol,49.23,3.35
21FP,B,Chloramphenicol,49.08,3.34
21FP,B,Chloramphenicol,48.94,3.33
21FP,B,Chloramphenicol,48.79,3.33
21FP,B,Chloramphenicol,48.64,3.32
21FP,B,Chloramphenicol,48.49,3.32
21FP,B,Chloramphenicol,48.34,3.27
21FP,B,Chloramphenicol,48.19,3.24
21FP,B,Chloramphenicol,48.04,3.20
21FP,B,Chloramphenicol,47.90,3.16
21FP,B,Chloramphenicol,47.75,3.12
21FP,B,Chloramphenicol,47.61,3.08
21FP,B,Chloramphenicol,47.47,3.04
21FP,B,Chloramphenicol,47.34,3.00
21FP,B,Chloramphenicol,47.20,2.97
21FP,B,Chloramphenicol,47.07,2.93
21FP,B,Chloramphenicol,46.93,2.91
21FP,B,Chloramphenicol,46.79,2.88
21FP,B,Chloramphenicol,46.66,2.85
21FP,B,Chloramphenicol,46.52,2.82
21FP,B,Chloramphenicol,46.40,2.78
21FP,B,Chloramphenicol,46.29,2.75
21FP,B,Chloramphenicol,46.17,2.72
21FP,B,Chloramphenicol,46.05,2.69
21FP,B,Chloramphenicol,45.94,2.65
21FP,B,Chloramphenicol,45.82,2.62
21FP,B,Chloramphenicol,45.70,2.59
21FP,B,Chloramphenicol,45.58,2.56
21FP,B,Chloramphenicol,45.45,2.53
21FP,B,Chloramphenicol,45.32,2.50
21FP,B,Chloramphenicol,45.19,2.47
21FP,B,Chloramphenicol,45.06,2.45
21FP,B,Chloramphenicol,44.92,2.44
21FP,B,Chloramphenicol,44.77,2.43
21FP,B,Chloramphenicol,44.62,2.42
21FP,B,Chloramphenicol,44.48,2.42
21FP,B,Chloramphenicol,44.34,2.43
21FP,B,Chloramphenicol,44.20,2.44
21FP,B,Chloramphenicol,44.06,2.46
21FP,B,Chloramphenicol,43.92,2.48
21FP,B,Chloramphenicol,43.78,2.50
21FP,B,Chloramphenicol,43.65,2.54
21FP,B,Chloramphenicol,43.52,2.56
21FP,B,Chloramphenicol,43.39,2.58
21FP,B,Chloramphenicol,43.25,2.61
21FP,B,Chloramphenicol,43.12,2.64
21FP,B,Chloramphenicol,42.99,2.68
21FP,B,Chloramphenicol,42.86,2.69
21FP,B,Chloramphenicol,42.74,2.70
21FP,B,Chloramphenicol,42.61,2.72
21FP,B,Chloramphenicol,42.48,2.73
21FP,B,Chloramphenicol,42.36,2.76
21FP,B,Chloramphenicol,42.23,2.78
21FP,B,Chloramphenicol,42.10,2.77
21FP,B,Chloramphenicol,41.97,2.76
21FP,B,Chloramphenicol,41.84,2.75
21FP,B,Chloramphenicol,41.71,2.75
21FP,B,Chloramphenicol,41.58,2.75
21FP,B,Chloramphenicol,41.45,2.76
21FP,B,Chloramphenicol,41.31,2.73
21FP,B,Chloramphenicol,41.17,2.70
21FP,B,Chloramphenicol,41.04,2.68
21FP,B,Chloramphenicol,40.90,2.67
21FP,B,Chloramphenicol,40.76,2.65
21FP,B,Chloramphenicol,40.62,2.64
21FP,B,Chloramphenicol,40.49,2.62
21FP,B,Chloramphenicol,40.37,2.61
21FP,B,Chloramphenicol,40.24,2.59
21FP,B,Chloramphenicol,40.11,2.58
21FP,B,Chloramphenicol,39.98,2.58
21FP,B,Chloramphenicol,39.86,2.57
21FP,B,Chloramphenicol,39.72,2.57
21FP,B,Chloramphenicol,39.59,2.57
21FP,B,Chloramphenicol,39.46,2.58
21FP,B,Chloramphenicol,39.33,2.59
21FP,B,Chloramphenicol,39.19,2.60
21FP,B,Chloramphenicol,39.07,2.61
21FP,B,Chloramphenicol,38.95,2.62
21FP,B,Chloramphenicol,38.83,2.63
21FP,B,Chloramphenicol,38.71,2.64
21FP,B,Chloramphenicol,38.58,2.66
21FP,B,Chloramphenicol,38.46,2.66
21FP,B,Chloramphenicol,38.34,2.67
21FP,B,Chloramphenicol,38.21,2.68
21FP,B,Chloramphenicol,38.09,2.70
21FP,B,Chloramphenicol,37.97,2.71
21FP,B,Chloramphenicol,37.83,2.70
21FP,B,Chloramphenicol,37.68,2.70
21FP,B,Chloramphenicol,37.54,2.71
21FP,B,Chloramphenicol,37.40,2.72
21FP,B,Chloramphenicol,37.28,2.69
21FP,B,Chloramphenicol,37.15,2.67
21FP,B,Chloramphenicol,37.02,2.65
21FP,B,Chloramphenicol,36.90,2.63
21FP,B,Chloramphenicol,36.76,2.62
21FP,B,Chloramphenicol,36.62,2.59
21FP,B,Chloramphenicol,36.48,2.56
21FP,B,Chloramphenicol,36.34,2.54
21FP,B,Chloramphenicol,36.21,2.52
21FP,B,Chloramphenicol,36.06,2.49
21FP,B,Chloramphenicol,35.91,2.46
21FP,B,Chloramphenicol,35.77,2.43
21FP,B,Chloramphenicol,35.62,2.41
21FP,B,Chloramphenicol,35.48,2.38
21FP,B,Chloramphenicol,35.35,2.36
21FP,B,Chloramphenicol,35.21,2.35
21FP,B,Chloramphenicol,35.08,2.35
21FP,B,Chloramphenicol,34.95,2.35
21FP,B,Chloramphenicol,34.82,2.35
21FP,B,Chloramphenicol,34.67,2.37
21FP,B,Chloramphenicol,34.52,2.38
21FP,B,Chloramphenicol,34.38,2.40
21FP,B,Chloramphenicol,34.23,2.42
21FP,B,Chloramphenicol,34.09,2.42
21FP,B,Chloramphenicol,33.96,2.43
21FP,B,Chloramphenicol,33.82,2.45
21FP,B,Chloramphenicol,33.69,2.46
21FP,B,Chloramphenicol,33.54,2.47
21FP,B,Chloramphenicol,33.40,2.48
21FP,B,Chloramphenicol,33.25,2.50
21FP,B,Chloramphenicol,33.10,2.52
21FP,B,Chloramphenicol,32.96,2.52
21FP,B,Chloramphenicol,32.82,2.53
21FP,B,Chloramphenicol,32.67,2.55
21FP,B,Chloramphenicol,32.53,2.56
21FP,B,Chloramphenicol,32.41,2.57
21FP,B,Chloramphenicol,32.29,2.58
21FP,B,Chloramphenicol,32.17,2.59
21FP,B,Chloramphenicol,32.05,2.60
21FP,B,Chloramphenicol,31.93,2.61
21FP,B,Chloramphenicol,31.80,2.62
21FP,B,Chloramphenicol,31.67,2.63
21FP,B,Chloramphenicol,31.54,2.65
21FP,B,Chloramphenicol,31.41,2.66
21FP,B,Chloramphenicol,31.28,2.69
21FP,B,Chloramphenicol,31.14,2.70
21FP,B,Chloramphenicol,31.00,2.73
21FP,B,Chloramphenicol,30.86,2.75
21FP,B,Chloramphenicol,30.72,2.79
21FP,B,Chloramphenicol,30.58,2.82
21FP,B,Chloramphenicol,30.44,2.87
21FP,B,Chloramphenicol,30.30,2.91
21FP,B,Chloramphenicol,30.15,2.95
21FP,B,Chloramphenicol,30.01,2.99
21FP,B,Chloramphenicol,29.87,3.03
21FP,B,Chloramphenicol,29.72,3.06
21FP,B,Chloramphenicol,29.58,3.09
21FP,B,Chloramphenicol,29.43,3.13
21FP,B,Chloramphenicol,29.29,3.17
21FP,B,Chloramphenicol,29.14,3.21
21FP,B,Chloramphenicol,29.01,3.25
21FP,B,Chloramphenicol,28.87,3.29
21FP,B,Chloramphenicol,28.73,3.33
21FP,B,Chloramphenicol,28.60,3.38
21FP,B,Chloramphenicol,28.46,3.43
21FP,B,Chloramphenicol,28.34,3.47
21FP,B,Chloramphenicol,28.21,3.50
21FP,B,Chloramphenicol,28.08,3.54
21FP,B,Chloramphenicol,27.96,3.58
21FP,B,Chloramphenicol,27.83,3.61
21FP,B,Chloramphenicol,27.69,3.66
21FP,B,Chloramphenicol,27.54,3.71
21FP,B,Chloramphenicol,27.40,3.76
21FP,B,Chloramphenicol,27.25,3.81
21FP,B,Chloramphenicol,27.12,3.83
21FP,B,Chloramphenicol,26.98,3.86
21FP,B,Chloramphenicol,26.85,3.88
21FP,B,Chloramphenicol,26.72,3.92
21FP,B,Chloramphenicol,26.58,3.93
21FP,B,Chloramphenicol,26.44,3.94
21FP,B,Chloramphenicol,26.30,3.96
21FP,B,Chloramphenicol,26.16,3.98
21FP,B,Chloramphenicol,26.02,3.99
21FP,B,Chloramphenicol,25.88,3.99
21FP,B,Chloramphenicol,25.74,4.00
21FP,B,Chloramphenicol,25.60,4.02
21FP,B,Chloramphenicol,25.48,4.01
21FP,B,Chloramphenicol,25.35,4.01
21FP,B,Chloramphenicol,25.22,4.02
21FP,B,Chloramphenicol,25.09,4.02
21FP,B,Chloramphenicol,24.96,4.01
21FP,B,Chloramphenicol,24.84,3.99
21FP,B,Chloramphenicol,24.71,3.99
21FP,B,Chloramphenicol,24.58,3.98
21FP,B,Chloramphenicol,24.45,3.96
21FP,B,Chloramphenicol,24.33,3.95
21FP,B,Chloramphenicol,24.20,3.94
21FP,B,Chloramphenicol,24.07,3.93
21FP,B,Chloramphenicol,23.92,3.92
21FP,B,Chloramphenicol,23.77,3.90
21FP,B,Chloramphenicol,23.63,3.89
21FP,B,Chloramphenicol,23.50,3.87
21FP,B,Chloramphenicol,23.36,3.85
21FP,B,Chloramphenicol,23.23,3.83
21FP,B,Chloramphenicol,23.12,3.80
21FP,B,Chloramphenicol,23.01,3.76
21FP,B,Chloramphenicol,22.90,3.73
21FP,B,Chloramphenicol,22.78,3.69
21FP,B,Chloramphenicol,22.65,3.65
21FP,B,Chloramphenicol,22.50,3.59
21FP,B,Chloramphenicol,22.43,3.64
21FP,B,Chloramphenicol,22.32,3.67
21FP,B,Chloramphenicol,22.21,3.70
21FP,B,Chloramphenicol,22.10,3.73
21FP,B,Chloramphenicol,21.98,3.74
21FP,B,Chloramphenicol,21.86,3.76
21FP,B,Chloramphenicol,21.74,3.77
21FP,B,Chloramphenicol,21.62,3.79
21FP,B,Chloramphenicol,21.50,3.81
21FP,B,Chloramphenicol,21.37,3.81
21FP,B,Chloramphenicol,21.24,3.80
21FP,B,Chloramphenicol,21.10,3.80
21FP,B,Chloramphenicol,20.97,3.81
21FP,B,Chloramphenicol,20.84,3.81
21FP,B,Chloramphenicol,20.71,3.82
21FP,B,Chloramphenicol,20.57,3.81
21FP,B,Chloramphenicol,20.42,3.81
21FP,B,Chloramphenicol,20.28,3.80
21FP,B,Chloramphenicol,20.13,3.81
21FP,B,Chloramphenicol,19.99,3.81
21FP,B,Chloramphenicol,19.84,3.82
21FP,B,Chloramphenicol,19.70,3.82
21FP,B,Chloramphenicol,19.56,3.82
21FP,B,Chloramphenicol,19.41,3.83
21FP,B,Chloramphenicol,19.27,3.84
21FP,B,Chloramphenicol,19.13,3.86
21FP,B,Chloramphenicol,18.98,3.87
21FP,B,Chloramphenicol,18.85,3.86
21FP,B,Chloramphenicol,18.72,3.84
21FP,B,Chloramphenicol,18.59,3.81
21FP,B,Chloramphenicol,18.46,3.79
21FP,B,Chloramphenicol,18.33,3.77
21FP,B,Chloramphenicol,18.20,3.76
21FP,B,Chloramphenicol,18.07,3.73
21FP,B,Chloramphenicol,17.94,3.71
21FP,B,Chloramphenicol,17.80,3.69
21FP,B,Chloramphenicol,17.67,3.67
21FP,B,Chloramphenicol,17.53,3.63
21FP,B,Chloramphenicol,17.38,3.61
21FP,B,Chloramphenicol,17.23,3.59
21FP,B,Chloramphenicol,17.09,3.58
21FP,B,Chloramphenicol,16.94,3.57
21FP,B,Chloramphenicol,16.81,3.56
21FP,B,Chloramphenicol,16.68,3.56
21FP,B,Chloramphenicol,16.56,3.56
21FP,B,Chloramphenicol,16.43,3.56
21FP,B,Chloramphenicol,16.31,3.57
21FP,B,Chloramphenicol,16.16,3.57
21FP,B,Chloramphenicol,16.01,3.57
21FP,B,Chloramphenicol,15.87,3.57
21FP,B,Chloramphenicol,15.72,3.58
21FP,B,Chloramphenicol,15.57,3.59
21FP,B,Chloramphenicol,15.43,3.60
21FP,B,Chloramphenicol,15.28,3.61
21FP,B,Chloramphenicol,15.14,3.62
21FP,B,Chloramphenicol,15.00,3.62
21FP,B,Chloramphenicol,14.85,3.62
21FP,B,Chloramphenicol,14.71,3.63
21FP,B,Chloramphenicol,14.56,3.60
21FP,B,Chloramphenicol,14.42,3.58
21FP,B,Chloramphenicol,14.27,3.57
21FP,B,Chloramphenicol,14.13,3.56
21FP,B,Chloramphenicol,13.98,3.55
21FP,B,Chloramphenicol,13.84,3.55
21FP,B,Chloramphenicol,13.70,3.50
21FP,B,Chloramphenicol,13.56,3.47
21FP,B,Chloramphenicol,13.42,3.43
21FP,B,Chloramphenicol,13.29,3.40
21FP,B,Chloramphenicol,13.15,3.37
21FP,B,Chloramphenicol,13.01,3.34
21FP,B,Chloramphenicol,12.88,3.28
21FP,B,Chloramphenicol,12.74,3.22
21FP,B,Chloramphenicol,12.61,3.17
21FP,B,Chloramphenicol,12.47,3.12
21FP,B,Chloramphenicol,12.34,3.07
21FP,B,Chloramphenicol,12.21,3.02
21FP,B,Chloramphenicol,12.06,2.96
21FP,B,Chloramphenicol,11.91,2.91
21FP,B,Chloramphenicol,11.76,2.86
21FP,B,Chloramphenicol,11.61,2.81
21FP,B,Chloramphenicol,11.46,2.77
21FP,B,Chloramphenicol,11.33,2.73
21FP,B,Chloramphenicol,11.20,2.70
21FP,B,Chloramphenicol,11.07,2.68
21FP,B,Chloramphenicol,10.93,2.65
21FP,B,Chloramphenicol,10.80,2.64
21FP,B,Chloramphenicol,10.66,2.61
21FP,B,Chloramphenicol,10.51,2.58
21FP,B,Chloramphenicol,10.36,2.56
21FP,B,Chloramphenicol,10.22,2.55
21FP,B,Chloramphenicol,10.08,2.54
21FP,B,Chloramphenicol,9.93,2.53
21FP,B,Chloramphenicol,9.79,2.53
21FP,B,Chloramphenicol,9.65,2.53
21FP,B,Chloramphenicol,9.51,2.53
21FP,B,Chloramphenicol,9.38,2.54
21FP,B,Chloramphenicol,9.24,2.55
21FP,B,Chloramphenicol,9.10,2.56
21FP,B,Chloramphenicol,8.96,2.57
21FP,B,Chloramphenicol,8.82,2.59
21FP,B,Chloramphenicol,8.68,2.61
21FP,B,Chloramphenicol,8.54,2.64
21FP,B,Chloramphenicol,8.39,2.66
21FP,B,Chloramphenicol,8.24,2.69
21FP,B,Chloramphenicol,8.09,2.72
21FP,B,Chloramphenicol,7.94,2.76
21FP,B,Chloramphenicol,7.81,2.79
21FP,B,Chloramphenicol,7.67,2.83
21FP,B,Chloramphenicol,7.53,2.87
21FP,B,Chloramphenicol,7.40,2.92
21FP,B,Chloramphenicol,7.26,2.97
21FP,B,Chloramphenicol,7.13,3.01
21FP,B,Chloramphenicol,7.00,3.06
21FP,B,Chloramphenicol,6.87,3.11
21FP,B,Chloramphenicol,6.74,3.17
21FP,B,Chloramphenicol,6.61,3.22
21FP,B,Chloramphenicol,6.48,3.28
21FP,B,Chloramphenicol,6.34,3.34
21FP,B,Chloramphenicol,6.20,3.37
21FP,B,Chloramphenicol,6.05,3.40
21FP,B,Chloramphenicol,5.91,3.44
21FP,B,Chloramphenicol,5.77,3.48
21FP,B,Chloramphenicol,5.63,3.52
21FP,B,Chloramphenicol,5.48,3.55
21FP,B,Chloramphenicol,5.33,3.57
21FP,B,Chloramphenicol,5.18,3.60
21FP,B,Chloramphenicol,5.03,3.64
21FP,B,Chloramphenicol,4.88,3.68
21FP,B,Chloramphenicol,4.73,3.71
21FP,B,Chloramphenicol,4.60,3.71
21FP,B,Chloramphenicol,4.47,3.70
21FP,B,Chloramphenicol,4.34,3.70
21FP,B,Chloramphenicol,4.21,3.71
21FP,B,Chloramphenicol,4.09,3.71
21FP,B,Chloramphenicol,3.96,3.72
21FP,B,Chloramphenicol,3.83,3.73
21FP,B,Chloramphenicol,3.69,3.71
21FP,B,Chloramphenicol,3.55,3.70
21FP,B,Chloramphenicol,3.41,3.68
21FP,B,Chloramphenicol,3.27,3.68
21FP,B,Chloramphenicol,3.13,3.67
21FP,B,Chloramphenicol,2.99,3.67
21FP,B,Chloramphenicol,2.85,3.64
21FP,B,Chloramphenicol,2.72,3.62
21FP,B,Chloramphenicol,2.58,3.60
21FP,B,Chloramphenicol,2.44,3.58
21FP,B,Chloramphenicol,2.30,3.57
21FP,B,Chloramphenicol,2.16,3.56
21FP,B,Chloramphenicol,2.02,3.55
21FP,B,Chloramphenicol,1.88,3.55
21FP,B,Chloramphenicol,1.74,3.55
21FP,B,Chloramphenicol,1.62,3.54
21FP,B,Chloramphenicol,1.49,3.53
21FP,B,Chloramphenicol,1.36,3.53
21FP,B,Chloramphenicol,1.24,3.53
21FP,B,Chloramphenicol,1.09,3.53
21FP,B,Chloramphenicol,0.95,3.54
21FP,B,Chloramphenicol,0.81,3.49
21FP,B,Chloramphenicol,0.67,3.43
21FP,B,Chloramphenicol,0.53,3.36
21FP,B,Chloramphenicol,0.40,3.28
21FP,B,Chloramphenicol,0.27,3.20
21FP,B,Chloramphenicol,0.13,3.13
21FP,B,Chloramphenicol,0.00,3.06
2V50,B,DDM,51.51,2.56
2V50,B,DDM,51.38,2.68
2V50,B,DDM,51.25,2.81
2V50,B,DDM,51.12,2.93
2V50,B,DDM,50.99,3.06
2V50,B,DDM,50.86,3.18
2V50,B,DDM,50.73,3.30
2V50,B,DDM,50.60,3.43
2V50,B,DDM,50.47,3.52
2V50,B,DDM,50.34,3.62
2V50,B,DDM,50.22,3.72
2V50,B,DDM,50.09,3.82
2V50,B,DDM,49.96,3.92
2V50,B,DDM,49.83,3.93
2V50,B,DDM,49.71,3.95
2V50,B,DDM,49.58,3.97
2V50,B,DDM,49.46,3.93
2V50,B,DDM,49.36,3.88
2V50,B,DDM,49.25,3.84
2V50,B,DDM,49.15,3.78
2V50,B,DDM,49.03,3.74
2V50,B,DDM,48.93,3.78
2V50,B,DDM,48.81,3.84
2V50,B,DDM,48.69,3.90
2V50,B,DDM,48.57,3.94
2V50,B,DDM,48.45,3.98
2V50,B,DDM,48.33,4.00
2V50,B,DDM,48.21,4.03
2V50,B,DDM,48.09,4.03
2V50,B,DDM,47.97,4.04
2V50,B,DDM,47.85,4.05
2V50,B,DDM,47.73,4.06
2V50,B,DDM,47.60,4.06
2V50,B,DDM,47.47,4.06
2V50,B,DDM,47.33,4.03
2V50,B,DDM,47.20,4.01
2V50,B,DDM,47.06,3.99
2V50,B,DDM,46.93,3.98
2V50,B,DDM,46.78,3.94
2V50,B,DDM,46.64,3.90
2V50,B,DDM,46.50,3.86
2V50,B,DDM,46.35,3.82
2V50,B,DDM,46.21,3.79
2V50,B,DDM,46.08,3.74
2V50,B,DDM,45.95,3.69
2V50,B,DDM,45.82,3.64
2V50,B,DDM,45.69,3.60
2V50,B,DDM,45.56,3.55
2V50,B,DDM,45.43,3.51
2V50,B,DDM,45.29,3.46
2V50,B,DDM,45.15,3.40
2V50,B,DDM,45.01,3.35
2V50,B,DDM,44.87,3.31
2V50,B,DDM,44.73,3.26
2V50,B,DDM,44.61,3.21
2V50,B,DDM,44.48,3.15
2V50,B,DDM,44.35,3.10
2V50,B,DDM,44.23,3.06
2V50,B,DDM,44.10,3.01
2V50,B,DDM,43.96,2.95
2V50,B,DDM,43.83,2.91
2V50,B,DDM,43.69,2.86
2V50,B,DDM,43.56,2.82
2V50,B,DDM,43.42,2.78
2V50,B,DDM,43.28,2.74
2V50,B,DDM,43.14,2.71
2V50,B,DDM,43.01,2.68
2V50,B,DDM,42.87,2.66
2V50,B,DDM,42.73,2.64
2V50,B,DDM,42.59,2.62
2V50,B,DDM,42.45,2.61
2V50,B,DDM,42.31,2.60
2V50,B,DDM,42.17,2.59
2V50,B,DDM,42.03,2.60
2V50,B,DDM,41.90,2.60
2V50,B,DDM,41.77,2.61
2V50,B,DDM,41.63,2.62
2V50,B,DDM,41.50,2.64
2V50,B,DDM,41.37,2.66
2V50,B,DDM,41.24,2.68
2V50,B,DDM,41.12,2.69
2V50,B,DDM,40.99,2.71
2V50,B,DDM,40.86,2.73
2V50,B,DDM,40.74,2.76
2V50,B,DDM,40.61,2.78
2V50,B,DDM,40.48,2.80
2V50,B,DDM,40.34,2.83
2V50,B,DDM,40.21,2.86
2V50,B,DDM,40.08,2.90
2V50,B,DDM,39.95,2.92
2V50,B,DDM,39.82,2.95
2V50,B,DDM,39.68,2.98
2V50,B,DDM,39.55,3.01
2V50,B,DDM,39.42,3.05
2V50,B,DDM,39.27,3.08
2V50,B,DDM,39.12,3.11
2V50,B,DDM,38.98,3.15
2V50,B,DDM,38.83,3.19
2V50,B,DDM,38.68,3.23
2V50,B,DDM,38.55,3.26
2V50,B,DDM,38.41,3.29
2V50,B,DDM,38.28,3.33
2V50,B,DDM,38.14,3.37
2V50,B,DDM,38.00,3.41
2V50,B,DDM,37.87,3.46
2V50,B,DDM,37.72,3.48
2V50,B,DDM,37.58,3.50
2V50,B,DDM,37.43,3.53
2V50,B,DDM,37.29,3.57
2V50,B,DDM,37.14,3.60
2V50,B,DDM,37.02,3.60
2V50,B,DDM,36.89,3.60
2V50,B,DDM,36.76,3.61
2V50,B,DDM,36.64,3.61
2V50,B,DDM,36.51,3.63
2V50,B,DDM,36.37,3.59
2V50,B,DDM,36.22,3.55
2V50,B,DDM,36.07,3.52
2V50,B,DDM,35.92,3.49
2V50,B,DDM,35.80,3.47
2V50,B,DDM,35.69,3.46
2V50,B,DDM,35.57,3.44
2V50,B,DDM,35.45,3.44
2V50,B,DDM,35.34,3.43
2V50,B,DDM,35.23,3.43
2V50,B,DDM,35.11,3.43
2V50,B,DDM,34.98,3.43
2V50,B,DDM,34.84,3.44
2V50,B,DDM,34.73,3.46
2V50,B,DDM,34.63,3.48
2V50,B,DDM,34.52,3.51
2V50,B,DDM,34.40,3.53
2V50,B,DDM,34.28,3.56
2V50,B,DDM,34.15,3.58
2V50,B,DDM,34.03,3.61
2V50,B,DDM,33.90,3.63
2V50,B,DDM,33.77,3.65
2V50,B,DDM,33.64,3.67
2V50,B,DDM,33.51,3.69
2V50,B,DDM,33.38,3.72
2V50,B,DDM,33.23,3.72
2V50,B,DDM,33.09,3.73
2V50,B,DDM,32.94,3.74
2V50,B,DDM,32.79,3.75
2V50,B,DDM,32.64,3.77
2V50,B,DDM,32.51,3.78
2V50,B,DDM,32.38,3.79
2V50,B,DDM,32.25,3.81
2V50,B,DDM,32.12,3.83
2V50,B,DDM,31.99,3.82
2V50,B,DDM,31.86,3.81
2V50,B,DDM,31.73,3.80
2V50,B,DDM,31.61,3.79
2V50,B,DDM,31.48,3.78
2V50,B,DDM,31.36,3.78
2V50,B,DDM,31.23,3.78
2V50,B,DDM,31.11,3.78
2V50,B,DDM,30.98,3.77
2V50,B,DDM,30.85,3.76
2V50,B,DDM,30.72,3.75
2V50,B,DDM,30.59,3.75
2V50,B,DDM,30.45,3.75
2V50,B,DDM,30.32,3.74
2V50,B,DDM,30.19,3.74
2V50,B,DDM,30.06,3.73
2V50,B,DDM,29.93,3.74
2V50,B,DDM,29.81,3.73
2V50,B,DDM,29.69,3.74
2V50,B,DDM,29.57,3.74
2V50,B,DDM,29.45,3.75
2V50,B,DDM,29.32,3.75
2V50,B,DDM,29.21,3.76
2V50,B,DDM,29.09,3.77
2V50,B,DDM,28.95,3.76
2V50,B,DDM,28.80,3.74
2V50,B,DDM,28.68,3.71
2V50,B,DDM,28.56,3.68
2V50,B,DDM,28.44,3.64
2V50,B,DDM,28.33,3.60
2V50,B,DDM,28.22,3.55
2V50,B,DDM,28.11,3.51
2V50,B,DDM,28.02,3.46
2V50,B,DDM,27.92,3.42
2V50,B,DDM,27.85,3.39
2V50,B,DDM,27.75,3.42
2V50,B,DDM,27.63,3.46
2V50,B,DDM,27.51,3.49
2V50,B,DDM,27.40,3.51
2V50,B,DDM,27.28,3.54
2V50,B,DDM,27.17,3.57
2V50,B,DDM,27.06,3.59
2V50,B,DDM,26.91,3.61
2V50,B,DDM,26.77,3.63
2V50,B,DDM,26.63,3.66
2V50,B,DDM,26.49,3.67
2V50,B,DDM,26.36,3.67
2V50,B,DDM,26.23,3.67
2V50,B,DDM,26.10,3.68
2V50,B,DDM,25.97,3.67
2V50,B,DDM,25.82,3.67
2V50,B,DDM,25.67,3.64
2V50,B,DDM,25.53,3.60
2V50,B,DDM,25.38,3.54
2V50,B,DDM,25.23,3.47
2V50,B,DDM,25.08,3.42
2V50,B,DDM,24.94,3.34
2V50,B,DDM,24.80,3.27
2V50,B,DDM,24.65,3.20
2V50,B,DDM,24.51,3.12
2V50,B,DDM,24.36,3.04
2V50,B,DDM,24.22,2.97
2V50,B,DDM,24.07,2.90
2V50,B,DDM,23.93,2.83
2V50,B,DDM,23.79,2.77
2V50,B,DDM,23.65,2.72
2V50,B,DDM,23.52,2.66
2V50,B,DDM,23.38,2.62
2V50,B,DDM,23.25,2.57
2V50,B,DDM,23.11,2.53
2V50,B,DDM,22.98,2.50
2V50,B,DDM,22.85,2.47
2V50,B,DDM,22.72,2.44
2V50,B,DDM,22.59,2.42
2V50,B,DDM,22.45,2.41
2V50,B,DDM,22.32,2.39
2V50,B,DDM,22.19,2.38
2V50,B,DDM,22.04,2.38
2V50,B,DDM,21.90,2.37
2V50,B,DDM,21.75,2.38
2V50,B,DDM,21.60,2.39
2V50,B,DDM,21.45,2.40
2V50,B,DDM,21.31,2.42
2V50,B,DDM,21.18,2.45
2V50,B,DDM,21.04,2.48
2V50,B,DDM,20.90,2.51
2V50,B,DDM,20.76,2.55
2V50,B,DDM,20.63,2.59
2V50,B,DDM,20.49,2.64
2V50,B,DDM,20.35,2.69
2V50,B,DDM,20.22,2.74
2V50,B,DDM,20.08,2.80
2V50,B,DDM,19.94,2.86
2V50,B,DDM,19.81,2.91
2V50,B,DDM,19.67,2.96
2V50,B,DDM,19.54,3.02
2V50,B,DDM,19.40,3.08
2V50,B,DDM,19.27,3.11
2V50,B,DDM,19.14,3.12
2V50,B,DDM,19.01,3.12
2V50,B,DDM,18.88,3.13
2V50,B,DDM,18.75,3.14
2V50,B,DDM,18.62,3.15
2V50,B,DDM,18.48,3.16
2V50,B,DDM,18.35,3.17
2V50,B,DDM,18.21,3.18
2V50,B,DDM,18.08,3.20
2V50,B,DDM,17.94,3.22
2V50,B,DDM,17.80,3.24
2V50,B,DDM,17.67,3.26
2V50,B,DDM,17.53,3.29
2V50,B,DDM,17.39,3.32
2V50,B,DDM,17.25,3.35
2V50,B,DDM,17.10,3.38
2V50,B,DDM,16.96,3.42
2V50,B,DDM,16.82,3.46
2V50,B,DDM,16.67,3.50
2V50,B,DDM,16.55,3.56
2V50,B,DDM,16.42,3.62
2V50,B,DDM,16.30,3.63
2V50,B,DDM,16.17,3.64
2V50,B,DDM,16.05,3.65
2V50,B,DDM,15.92,3.66
2V50,B,DDM,15.79,3.66
2V50,B,DDM,15.66,3.66
2V50,B,DDM,15.53,3.67
2V50,B,DDM,15.40,3.68
2V50,B,DDM,15.26,3.70
2V50,B,DDM,15.13,3.71
2V50,B,DDM,14.99,3.72
2V50,B,DDM,14.86,3.73
2V50,B,DDM,14.72,3.75
2V50,B,DDM,14.58,3.77
2V50,B,DDM,14.45,3.79
2V50,B,DDM,14.31,3.82
2V50,B,DDM,14.17,3.84
2V50,B,DDM,14.03,3.87
2V50,B,DDM,13.88,3.90
2V50,B,DDM,13.74,3.93
2V50,B,DDM,13.60,3.97
2V50,B,DDM,13.47,3.98
2V50,B,DDM,13.34,3.99
2V50,B,DDM,13.21,4.00
2V50,B,DDM,13.09,4.01
2V50,B,DDM,12.96,4.00
2V50,B,DDM,12.83,3.98
2V50,B,DDM,12.70,3.94
2V50,B,DDM,12.61,3.89
2V50,B,DDM,12.53,3.84
2V50,B,DDM,12.45,3.84
2V50,B,DDM,12.32,3.85
2V50,B,DDM,12.19,3.86
2V50,B,DDM,12.07,3.85
2V50,B,DDM,11.95,3.83
2V50,B,DDM,11.82,3.82
2V50,B,DDM,11.70,3.81
2V50,B,DDM,11.58,3.79
2V50,B,DDM,11.45,3.77
2V50,B,DDM,11.32,3.75
2V50,B,DDM,11.20,3.74
2V50,B,DDM,11.07,3.72
2V50,B,DDM,10.93,3.70
2V50,B,DDM,10.79,3.67
2V50,B,DDM,10.66,3.65
2V50,B,DDM,10.52,3.64
2V50,B,DDM,10.38,3.62
2V50,B,DDM,10.26,3.62
2V50,B,DDM,10.13,3.61
2V50,B,DDM,10.01,3.60
2V50,B,DDM,9.88,3.59
2V50,B,DDM,9.76,3.59
2V50,B,DDM,9.62,3.58
2V50,B,DDM,9.49,3.57
2V50,B,DDM,9.35,3.57
2V50,B,DDM,9.21,3.57
2V50,B,DDM,9.08,3.56
2V50,B,DDM,8.95,3.55
2V50,B,DDM,8.82,3.55
2V50,B,DDM,8.69,3.55
2V50,B,DDM,8.55,3.54
2V50,B,DDM,8.41,3.54
2V50,B,DDM,8.27,3.54
2V50,B,DDM,8.13,3.54
2V50,B,DDM,7.99,3.54
2V50,B,DDM,7.86,3.54
2V50,B,DDM,7.72,3.55
2V50,B,DDM,7.59,3.56
2V50,B,DDM,7.45,3.57
2V50,B,DDM,7.30,3.58
2V50,B,DDM,7.16,3.59
2V50,B,DDM,7.01,3.61
2V50,B,DDM,6.86,3.64
2V50,B,DDM,6.71,3.66
2V50,B,DDM,6.57,3.69
2V50,B,DDM,6.44,3.73
2V50,B,DDM,6.30,3.76
2V50,B,DDM,6.16,3.80
2V50,B,DDM,6.02,3.84
2V50,B,DDM,5.88,3.89
2V50,B,DDM,5.75,3.91
2V50,B,DDM,5.61,3.94
2V50,B,DDM,5.48,3.97
2V50,B,DDM,5.34,3.97
2V50,B,DDM,5.19,3.97
2V50,B,DDM,5.05,3.97
2V50,B,DDM,4.92,3.95
2V50,B,DDM,4.78,3.93
2V50,B,DDM,4.65,3.92
2V50,B,DDM,4.53,3.90
2V50,B,DDM,4.41,3.89
2V50,B,DDM,4.30,3.87
2V50,B,DDM,4.18,3.86
2V50,B,DDM,4.05,3.84
2V50,B,DDM,3.92,3.83
2V50,B,DDM,3.79,3.82
2V50,B,DDM,3.67,3.81
2V50,B,DDM,3.54,3.80
2V50,B,DDM,3.40,3.79
2V50,B,DDM,3.26,3.78
2V50,B,DDM,3.13,3.77
2V50,B,DDM,2.99,3.77
2V50,B,DDM,2.85,3.77
2V50,B,DDM,2.71,3.78
2V50,B,DDM,2.57,3.78
2V50,B,DDM,2.42,3.78
2V50,B,DDM,2.27,3.79
2V50,B,DDM,2.13,3.80
2V50,B,DDM,1.98,3.79
2V50,B,DDM,1.83,3.78
2V50,B,DDM,1.69,3.73
2V50,B,DDM,1.54,3.69
2V50,B,DDM,1.40,3.64
2V50,B,DDM,1.25,3.60
2V50,B,DDM,1.11,3.57
2V50,B,DDM,0.96,3.54
2V50,B,DDM,0.83,3.47
2V50,B,DDM,0.69,3.41
2V50,B,DDM,0.55,3.35
2V50,B,DDM,0.41,3.29
2V50,B,DDM,0.28,3.22
2V50,B,DDM,0.14,3.14
2V50,B,DDM,0.00,3.07
MexB_DDM_3_20260730,E,DDM x3,62.03,3.41
MexB_DDM_3_20260730,E,DDM x3,61.89,3.53
MexB_DDM_3_20260730,E,DDM x3,61.75,3.64
MexB_DDM_3_20260730,E,DDM x3,61.62,3.76
MexB_DDM_3_20260730,E,DDM x3,61.48,3.88
MexB_DDM_3_20260730,E,DDM x3,61.34,3.98
MexB_DDM_3_20260730,E,DDM x3,61.20,4.09
MexB_DDM_3_20260730,E,DDM x3,61.07,4.19
MexB_DDM_3_20260730,E,DDM x3,60.92,4.26
MexB_DDM_3_20260730,E,DDM x3,60.77,4.33
MexB_DDM_3_20260730,E,DDM x3,60.69,4.34
MexB_DDM_3_20260730,E,DDM x3,60.60,4.34
MexB_DDM_3_20260730,E,DDM x3,60.52,4.32
MexB_DDM_3_20260730,E,DDM x3,60.44,4.30
MexB_DDM_3_20260730,E,DDM x3,60.33,4.27
MexB_DDM_3_20260730,E,DDM x3,60.22,4.24
MexB_DDM_3_20260730,E,DDM x3,60.07,4.20
MexB_DDM_3_20260730,E,DDM x3,59.93,4.16
MexB_DDM_3_20260730,E,DDM x3,59.81,4.13
MexB_DDM_3_20260730,E,DDM x3,59.69,4.10
MexB_DDM_3_20260730,E,DDM x3,59.57,4.08
MexB_DDM_3_20260730,E,DDM x3,59.44,4.06
MexB_DDM_3_20260730,E,DDM x3,59.31,4.04
MexB_DDM_3_20260730,E,DDM x3,59.18,4.02
MexB_DDM_3_20260730,E,DDM x3,59.05,4.01
MexB_DDM_3_20260730,E,DDM x3,58.92,3.99
MexB_DDM_3_20260730,E,DDM x3,58.79,3.99
MexB_DDM_3_20260730,E,DDM x3,58.66,3.99
MexB_DDM_3_20260730,E,DDM x3,58.53,3.98
MexB_DDM_3_20260730,E,DDM x3,58.40,3.98
MexB_DDM_3_20260730,E,DDM x3,58.26,3.98
MexB_DDM_3_20260730,E,DDM x3,58.13,3.98
MexB_DDM_3_20260730,E,DDM x3,58.00,3.99
MexB_DDM_3_20260730,E,DDM x3,57.85,4.01
MexB_DDM_3_20260730,E,DDM x3,57.71,4.03
MexB_DDM_3_20260730,E,DDM x3,57.56,4.05
MexB_DDM_3_20260730,E,DDM x3,57.41,4.07
MexB_DDM_3_20260730,E,DDM x3,57.26,4.09
MexB_DDM_3_20260730,E,DDM x3,57.11,4.11
MexB_DDM_3_20260730,E,DDM x3,56.97,4.13
MexB_DDM_3_20260730,E,DDM x3,56.82,4.15
MexB_DDM_3_20260730,E,DDM x3,56.67,4.17
MexB_DDM_3_20260730,E,DDM x3,56.53,4.18
MexB_DDM_3_20260730,E,DDM x3,56.40,4.20
MexB_DDM_3_20260730,E,DDM x3,56.26,4.21
MexB_DDM_3_20260730,E,DDM x3,56.15,4.22
MexB_DDM_3_20260730,E,DDM x3,56.03,4.23
MexB_DDM_3_20260730,E,DDM x3,55.91,4.24
MexB_DDM_3_20260730,E,DDM x3,55.79,4.24
MexB_DDM_3_20260730,E,DDM x3,55.66,4.25
MexB_DDM_3_20260730,E,DDM x3,55.53,4.24
MexB_DDM_3_20260730,E,DDM x3,55.40,4.22
MexB_DDM_3_20260730,E,DDM x3,55.29,4.19
MexB_DDM_3_20260730,E,DDM x3,55.19,4.15
MexB_DDM_3_20260730,E,DDM x3,55.07,4.09
MexB_DDM_3_20260730,E,DDM x3,54.94,4.03
MexB_DDM_3_20260730,E,DDM x3,54.82,3.98
MexB_DDM_3_20260730,E,DDM x3,54.71,3.92
MexB_DDM_3_20260730,E,DDM x3,54.59,3.86
MexB_DDM_3_20260730,E,DDM x3,54.48,3.81
MexB_DDM_3_20260730,E,DDM x3,54.36,3.74
MexB_DDM_3_20260730,E,DDM x3,54.23,3.67
MexB_DDM_3_20260730,E,DDM x3,54.09,3.60
MexB_DDM_3_20260730,E,DDM x3,53.96,3.53
MexB_DDM_3_20260730,E,DDM x3,53.82,3.47
MexB_DDM_3_20260730,E,DDM x3,53.69,3.41
MexB_DDM_3_20260730,E,DDM x3,53.56,3.36
MexB_DDM_3_20260730,E,DDM x3,53.43,3.30
MexB_DDM_3_20260730,E,DDM x3,53.31,3.26
MexB_DDM_3_20260730,E,DDM x3,53.18,3.21
MexB_DDM_3_20260730,E,DDM x3,53.06,3.17
MexB_DDM_3_20260730,E,DDM x3,52.94,3.14
MexB_DDM_3_20260730,E,DDM x3,52.82,3.10
MexB_DDM_3_20260730,E,DDM x3,52.68,3.07
MexB_DDM_3_20260730,E,DDM x3,52.54,3.03
MexB_DDM_3_20260730,E,DDM x3,52.40,3.00
MexB_DDM_3_20260730,E,DDM x3,52.27,2.98
MexB_DDM_3_20260730,E,DDM x3,52.14,2.96
MexB_DDM_3_20260730,E,DDM x3,52.02,2.94
MexB_DDM_3_20260730,E,DDM x3,51.90,2.93
MexB_DDM_3_20260730,E,DDM x3,51.77,2.92
MexB_DDM_3_20260730,E,DDM x3,51.65,2.92
MexB_DDM_3_20260730,E,DDM x3,51.52,2.92
MexB_DDM_3_20260730,E,DDM x3,51.40,2.92
MexB_DDM_3_20260730,E,DDM x3,51.27,2.92
MexB_DDM_3_20260730,E,DDM x3,51.14,2.94
MexB_DDM_3_20260730,E,DDM x3,51.00,2.95
MexB_DDM_3_20260730,E,DDM x3,50.86,2.97
MexB_DDM_3_20260730,E,DDM x3,50.71,2.99
MexB_DDM_3_20260730,E,DDM x3,50.57,3.02
MexB_DDM_3_20260730,E,DDM x3,50.42,3.05
MexB_DDM_3_20260730,E,DDM x3,50.30,3.07
MexB_DDM_3_20260730,E,DDM x3,50.19,3.10
MexB_DDM_3_20260730,E,DDM x3,50.07,3.14
MexB_DDM_3_20260730,E,DDM x3,49.95,3.17
MexB_DDM_3_20260730,E,DDM x3,49.81,3.23
MexB_DDM_3_20260730,E,DDM x3,49.66,3.28
MexB_DDM_3_20260730,E,DDM x3,49.51,3.35
MexB_DDM_3_20260730,E,DDM x3,49.38,3.40
MexB_DDM_3_20260730,E,DDM x3,49.25,3.45
MexB_DDM_3_20260730,E,DDM x3,49.12,3.50
MexB_DDM_3_20260730,E,DDM x3,49.02,3.54
MexB_DDM_3_20260730,E,DDM x3,48.91,3.59
MexB_DDM_3_20260730,E,DDM x3,48.81,3.64
MexB_DDM_3_20260730,E,DDM x3,48.67,3.71
MexB_DDM_3_20260730,E,DDM x3,48.54,3.77
MexB_DDM_3_20260730,E,DDM x3,48.43,3.81
MexB_DDM_3_20260730,E,DDM x3,48.32,3.84
MexB_DDM_3_20260730,E,DDM x3,48.22,3.88
MexB_DDM_3_20260730,E,DDM x3,48.08,3.92
MexB_DDM_3_20260730,E,DDM x3,47.95,3.95
MexB_DDM_3_20260730,E,DDM x3,47.81,3.98
MexB_DDM_3_20260730,E,DDM x3,47.67,4.02
MexB_DDM_3_20260730,E,DDM x3,47.52,4.05
MexB_DDM_3_20260730,E,DDM x3,47.37,4.08
MexB_DDM_3_20260730,E,DDM x3,47.25,4.11
MexB_DDM_3_20260730,E,DDM x3,47.12,4.14
MexB_DDM_3_20260730,E,DDM x3,46.99,4.18
MexB_DDM_3_20260730,E,DDM x3,46.88,4.20
MexB_DDM_3_20260730,E,DDM x3,46.77,4.22
MexB_DDM_3_20260730,E,DDM x3,46.66,4.25
MexB_DDM_3_20260730,E,DDM x3,46.54,4.26
MexB_DDM_3_20260730,E,DDM x3,46.42,4.27
MexB_DDM_3_20260730,E,DDM x3,46.29,4.29
MexB_DDM_3_20260730,E,DDM x3,46.18,4.28
MexB_DDM_3_20260730,E,DDM x3,46.06,4.28
MexB_DDM_3_20260730,E,DDM x3,45.94,4.28
MexB_DDM_3_20260730,E,DDM x3,45.83,4.28
MexB_DDM_3_20260730,E,DDM x3,45.69,4.27
MexB_DDM_3_20260730,E,DDM x3,45.54,4.26
MexB_DDM_3_20260730,E,DDM x3,45.40,4.25
MexB_DDM_3_20260730,E,DDM x3,45.26,4.25
MexB_DDM_3_20260730,E,DDM x3,45.11,4.23
MexB_DDM_3_20260730,E,DDM x3,44.96,4.22
MexB_DDM_3_20260730,E,DDM x3,44.81,4.21
MexB_DDM_3_20260730,E,DDM x3,44.67,4.20
MexB_DDM_3_20260730,E,DDM x3,44.52,4.20
MexB_DDM_3_20260730,E,DDM x3,44.38,4.19
MexB_DDM_3_20260730,E,DDM x3,44.24,4.20
MexB_DDM_3_20260730,E,DDM x3,44.10,4.20
MexB_DDM_3_20260730,E,DDM x3,43.97,4.20
MexB_DDM_3_20260730,E,DDM x3,43.84,4.20
MexB_DDM_3_20260730,E,DDM x3,43.70,4.19
MexB_DDM_3_20260730,E,DDM x3,43.57,4.18
MexB_DDM_3_20260730,E,DDM x3,43.42,4.16
MexB_DDM_3_20260730,E,DDM x3,43.27,4.13
MexB_DDM_3_20260730,E,DDM x3,43.12,4.12
MexB_DDM_3_20260730,E,DDM x3,43.01,4.08
MexB_DDM_3_20260730,E,DDM x3,42.89,4.04
MexB_DDM_3_20260730,E,DDM x3,42.78,4.00
MexB_DDM_3_20260730,E,DDM x3,42.68,3.96
MexB_DDM_3_20260730,E,DDM x3,42.58,3.92
MexB_DDM_3_20260730,E,DDM x3,42.47,3.88
MexB_DDM_3_20260730,E,DDM x3,42.46,3.88
MexB_DDM_3_20260730,E,DDM x3,42.35,3.94
MexB_DDM_3_20260730,E,DDM x3,42.24,3.96
MexB_DDM_3_20260730,E,DDM x3,42.13,3.99
MexB_DDM_3_20260730,E,DDM x3,42.02,4.01
MexB_DDM_3_20260730,E,DDM x3,41.89,4.03
MexB_DDM_3_20260730,E,DDM x3,41.76,4.04
MexB_DDM_3_20260730,E,DDM x3,41.64,4.06
MexB_DDM_3_20260730,E,DDM x3,41.51,4.08
MexB_DDM_3_20260730,E,DDM x3,41.38,4.09
MexB_DDM_3_20260730,E,DDM x3,41.26,4.10
MexB_DDM_3_20260730,E,DDM x3,41.13,4.12
MexB_DDM_3_20260730,E,DDM x3,41.00,4.13
MexB_DDM_3_20260730,E,DDM x3,40.88,4.15
MexB_DDM_3_20260730,E,DDM x3,40.75,4.14
MexB_DDM_3_20260730,E,DDM x3,40.63,4.14
MexB_DDM_3_20260730,E,DDM x3,40.50,4.15
MexB_DDM_3_20260730,E,DDM x3,40.37,4.15
MexB_DDM_3_20260730,E,DDM x3,40.25,4.16
MexB_DDM_3_20260730,E,DDM x3,40.13,4.15
MexB_DDM_3_20260730,E,DDM x3,40.00,4.15
MexB_DDM_3_20260730,E,DDM x3,39.88,4.15
MexB_DDM_3_20260730,E,DDM x3,39.76,4.14
MexB_DDM_3_20260730,E,DDM x3,39.64,4.14
MexB_DDM_3_20260730,E,DDM x3,39.51,4.14
MexB_DDM_3_20260730,E,DDM x3,39.39,4.14
MexB_DDM_3_20260730,E,DDM x3,39.27,4.14
MexB_DDM_3_20260730,E,DDM x3,39.14,4.14
MexB_DDM_3_20260730,E,DDM x3,39.02,4.15
MexB_DDM_3_20260730,E,DDM x3,38.88,4.14
MexB_DDM_3_20260730,E,DDM x3,38.75,4.14
MexB_DDM_3_20260730,E,DDM x3,38.61,4.14
MexB_DDM_3_20260730,E,DDM x3,38.47,4.15
MexB_DDM_3_20260730,E,DDM x3,38.34,4.14
MexB_DDM_3_20260730,E,DDM x3,38.21,4.13
MexB_DDM_3_20260730,E,DDM x3,38.08,4.12
MexB_DDM_3_20260730,E,DDM x3,37.97,4.09
MexB_DDM_3_20260730,E,DDM x3,37.87,4.06
MexB_DDM_3_20260730,E,DDM x3,37.80,4.01
MexB_DDM_3_20260730,E,DDM x3,37.78,4.02
MexB_DDM_3_20260730,E,DDM x3,37.73,4.03
MexB_DDM_3_20260730,E,DDM x3,37.68,4.06
MexB_DDM_3_20260730,E,DDM x3,37.56,4.11
MexB_DDM_3_20260730,E,DDM x3,37.43,4.15
MexB_DDM_3_20260730,E,DDM x3,37.31,4.19
MexB_DDM_3_20260730,E,DDM x3,37.18,4.22
MexB_DDM_3_20260730,E,DDM x3,37.06,4.26
MexB_DDM_3_20260730,E,DDM x3,36.94,4.26
MexB_DDM_3_20260730,E,DDM x3,36.83,4.27
MexB_DDM_3_20260730,E,DDM x3,36.71,4.27
MexB_DDM_3_20260730,E,DDM x3,36.60,4.28
MexB_DDM_3_20260730,E,DDM x3,36.47,4.26
MexB_DDM_3_20260730,E,DDM x3,36.34,4.23
MexB_DDM_3_20260730,E,DDM x3,36.21,4.21
MexB_DDM_3_20260730,E,DDM x3,36.08,4.19
MexB_DDM_3_20260730,E,DDM x3,35.96,4.16
MexB_DDM_3_20260730,E,DDM x3,35.84,4.13
MexB_DDM_3_20260730,E,DDM x3,35.72,4.10
MexB_DDM_3_20260730,E,DDM x3,35.60,4.07
MexB_DDM_3_20260730,E,DDM x3,35.48,4.04
MexB_DDM_3_20260730,E,DDM x3,35.36,4.01
MexB_DDM_3_20260730,E,DDM x3,35.24,3.98
MexB_DDM_3_20260730,E,DDM x3,35.15,3.96
MexB_DDM_3_20260730,E,DDM x3,35.06,3.94
MexB_DDM_3_20260730,E,DDM x3,34.95,3.93
MexB_DDM_3_20260730,E,DDM x3,34.82,3.95
MexB_DDM_3_20260730,E,DDM x3,34.69,3.97
MexB_DDM_3_20260730,E,DDM x3,34.57,3.98
MexB_DDM_3_20260730,E,DDM x3,34.44,3.98
MexB_DDM_3_20260730,E,DDM x3,34.31,4.00
MexB_DDM_3_20260730,E,DDM x3,34.19,4.01
MexB_DDM_3_20260730,E,DDM x3,34.06,4.00
MexB_DDM_3_20260730,E,DDM x3,33.92,3.99
MexB_DDM_3_20260730,E,DDM x3,33.79,3.98
MexB_DDM_3_20260730,E,DDM x3,33.66,3.97
MexB_DDM_3_20260730,E,DDM x3,33.53,3.97
MexB_DDM_3_20260730,E,DDM x3,33.39,3.94
MexB_DDM_3_20260730,E,DDM x3,33.26,3.92
MexB_DDM_3_20260730,E,DDM x3,33.13,3.89
MexB_DDM_3_20260730,E,DDM x3,32.99,3.87
MexB_DDM_3_20260730,E,DDM x3,32.86,3.86
MexB_DDM_3_20260730,E,DDM x3,32.73,3.82
MexB_DDM_3_20260730,E,DDM x3,32.60,3.78
MexB_DDM_3_20260730,E,DDM x3,32.47,3.75
MexB_DDM_3_20260730,E,DDM x3,32.34,3.70
MexB_DDM_3_20260730,E,DDM x3,32.21,3.65
MexB_DDM_3_20260730,E,DDM x3,32.07,3.61
MexB_DDM_3_20260730,E,DDM x3,31.93,3.57
MexB_DDM_3_20260730,E,DDM x3,31.80,3.54
MexB_DDM_3_20260730,E,DDM x3,31.66,3.51
MexB_DDM_3_20260730,E,DDM x3,31.51,3.45
MexB_DDM_3_20260730,E,DDM x3,31.36,3.40
MexB_DDM_3_20260730,E,DDM x3,31.21,3.35
MexB_DDM_3_20260730,E,DDM x3,31.07,3.29
MexB_DDM_3_20260730,E,DDM x3,30.92,3.24
MexB_DDM_3_20260730,E,DDM x3,30.78,3.19
MexB_DDM_3_20260730,E,DDM x3,30.67,3.15
MexB_DDM_3_20260730,E,DDM x3,30.55,3.11
MexB_DDM_3_20260730,E,DDM x3,30.44,3.07
MexB_DDM_3_20260730,E,DDM x3,30.33,3.03
MexB_DDM_3_20260730,E,DDM x3,30.20,3.00
MexB_DDM_3_20260730,E,DDM x3,30.08,2.96
MexB_DDM_3_20260730,E,DDM x3,29.96,2.93
MexB_DDM_3_20260730,E,DDM x3,29.83,2.91
MexB_DDM_3_20260730,E,DDM x3,29.70,2.88
MexB_DDM_3_20260730,E,DDM x3,29.57,2.86
MexB_DDM_3_20260730,E,DDM x3,29.44,2.85
MexB_DDM_3_20260730,E,DDM x3,29.30,2.83
MexB_DDM_3_20260730,E,DDM x3,29.17,2.82
MexB_DDM_3_20260730,E,DDM x3,29.03,2.81
MexB_DDM_3_20260730,E,DDM x3,28.89,2.80
MexB_DDM_3_20260730,E,DDM x3,28.76,2.80
MexB_DDM_3_20260730,E,DDM x3,28.62,2.79
MexB_DDM_3_20260730,E,DDM x3,28.49,2.78
MexB_DDM_3_20260730,E,DDM x3,28.35,2.78
MexB_DDM_3_20260730,E,DDM x3,28.22,2.78
MexB_DDM_3_20260730,E,DDM x3,28.09,2.77
MexB_DDM_3_20260730,E,DDM x3,27.96,2.76
MexB_DDM_3_20260730,E,DDM x3,27.84,2.76
MexB_DDM_3_20260730,E,DDM x3,27.71,2.76
MexB_DDM_3_20260730,E,DDM x3,27.58,2.76
MexB_DDM_3_20260730,E,DDM x3,27.45,2.77
MexB_DDM_3_20260730,E,DDM x3,27.32,2.77
MexB_DDM_3_20260730,E,DDM x3,27.18,2.78
MexB_DDM_3_20260730,E,DDM x3,27.05,2.79
MexB_DDM_3_20260730,E,DDM x3,26.91,2.79
MexB_DDM_3_20260730,E,DDM x3,26.77,2.80
MexB_DDM_3_20260730,E,DDM x3,26.64,2.81
MexB_DDM_3_20260730,E,DDM x3,26.51,2.80
MexB_DDM_3_20260730,E,DDM x3,26.39,2.80
MexB_DDM_3_20260730,E,DDM x3,26.27,2.79
MexB_DDM_3_20260730,E,DDM x3,26.15,2.79
MexB_DDM_3_20260730,E,DDM x3,26.04,2.78
MexB_DDM_3_20260730,E,DDM x3,25.92,2.77
MexB_DDM_3_20260730,E,DDM x3,25.80,2.76
MexB_DDM_3_20260730,E,DDM x3,25.69,2.76
MexB_DDM_3_20260730,E,DDM x3,25.57,2.75
MexB_DDM_3_20260730,E,DDM x3,25.46,2.74
MexB_DDM_3_20260730,E,DDM x3,25.35,2.73
MexB_DDM_3_20260730,E,DDM x3,25.23,2.73
MexB_DDM_3_20260730,E,DDM x3,25.10,2.73
MexB_DDM_3_20260730,E,DDM x3,24.96,2.73
MexB_DDM_3_20260730,E,DDM x3,24.83,2.74
MexB_DDM_3_20260730,E,DDM x3,24.70,2.75
MexB_DDM_3_20260730,E,DDM x3,24.58,2.76
MexB_DDM_3_20260730,E,DDM x3,24.45,2.77
MexB_DDM_3_20260730,E,DDM x3,24.34,2.74
MexB_DDM_3_20260730,E,DDM x3,24.23,2.72
MexB_DDM_3_20260730,E,DDM x3,24.12,2.70
MexB_DDM_3_20260730,E,DDM x3,24.02,2.67
MexB_DDM_3_20260730,E,DDM x3,23.91,2.64
MexB_DDM_3_20260730,E,DDM x3,23.81,2.61
MexB_DDM_3_20260730,E,DDM x3,23.71,2.59
MexB_DDM_3_20260730,E,DDM x3,23.62,2.57
MexB_DDM_3_20260730,E,DDM x3,23.51,2.54
MexB_DDM_3_20260730,E,DDM x3,23.40,2.53
MexB_DDM_3_20260730,E,DDM x3,23.29,2.52
MexB_DDM_3_20260730,E,DDM x3,23.16,2.50
MexB_DDM_3_20260730,E,DDM x3,23.04,2.48
MexB_DDM_3_20260730,E,DDM x3,22.91,2.47
MexB_DDM_3_20260730,E,DDM x3,22.76,2.45
MexB_DDM_3_20260730,E,DDM x3,22.62,2.44
MexB_DDM_3_20260730,E,DDM x3,22.47,2.44
MexB_DDM_3_20260730,E,DDM x3,22.32,2.44
MexB_DDM_3_20260730,E,DDM x3,22.17,2.43
MexB_DDM_3_20260730,E,DDM x3,22.03,2.43
MexB_DDM_3_20260730,E,DDM x3,21.88,2.43
MexB_DDM_3_20260730,E,DDM x3,21.74,2.44
MexB_DDM_3_20260730,E,DDM x3,21.59,2.46
MexB_DDM_3_20260730,E,DDM x3,21.45,2.47
MexB_DDM_3_20260730,E,DDM x3,21.30,2.48
MexB_DDM_3_20260730,E,DDM x3,21.16,2.50
MexB_DDM_3_20260730,E,DDM x3,21.01,2.52
MexB_DDM_3_20260730,E,DDM x3,20.86,2.55
MexB_DDM_3_20260730,E,DDM x3,20.74,2.57
MexB_DDM_3_20260730,E,DDM x3,20.62,2.60
MexB_DDM_3_20260730,E,DDM x3,20.50,2.62
MexB_DDM_3_20260730,E,DDM x3,20.38,2.65
MexB_DDM_3_20260730,E,DDM x3,20.26,2.69
MexB_DDM_3_20260730,E,DDM x3,20.12,2.73
MexB_DDM_3_20260730,E,DDM x3,19.98,2.78
MexB_DDM_3_20260730,E,DDM x3,19.84,2.82
MexB_DDM_3_20260730,E,DDM x3,19.71,2.89
MexB_DDM_3_20260730,E,DDM x3,19.58,2.95
MexB_DDM_3_20260730,E,DDM x3,19.43,3.01
MexB_DDM_3_20260730,E,DDM x3,19.28,3.07
MexB_DDM_3_20260730,E,DDM x3,19.17,3.11
MexB_DDM_3_20260730,E,DDM x3,19.06,3.15
MexB_DDM_3_20260730,E,DDM x3,18.95,3.19
MexB_DDM_3_20260730,E,DDM x3,18.84,3.22
MexB_DDM_3_20260730,E,DDM x3,18.73,3.26
MexB_DDM_3_20260730,E,DDM x3,18.61,3.29
MexB_DDM_3_20260730,E,DDM x3,18.54,3.29
MexB_DDM_3_20260730,E,DDM x3,18.47,3.29
MexB_DDM_3_20260730,E,DDM x3,18.38,3.29
MexB_DDM_3_20260730,E,DDM x3,18.30,3.28
MexB_DDM_3_20260730,E,DDM x3,18.17,3.27
MexB_DDM_3_20260730,E,DDM x3,18.05,3.27
MexB_DDM_3_20260730,E,DDM x3,17.94,3.26
MexB_DDM_3_20260730,E,DDM x3,17.83,3.26
MexB_DDM_3_20260730,E,DDM x3,17.72,3.25
MexB_DDM_3_20260730,E,DDM x3,17.58,3.24
MexB_DDM_3_20260730,E,DDM x3,17.44,3.24
MexB_DDM_3_20260730,E,DDM x3,17.30,3.24
MexB_DDM_3_20260730,E,DDM x3,17.18,3.24
MexB_DDM_3_20260730,E,DDM x3,17.05,3.24
MexB_DDM_3_20260730,E,DDM x3,16.93,3.25
MexB_DDM_3_20260730,E,DDM x3,16.81,3.26
MexB_DDM_3_20260730,E,DDM x3,16.67,3.27
MexB_DDM_3_20260730,E,DDM x3,16.54,3.28
MexB_DDM_3_20260730,E,DDM x3,16.41,3.30
MexB_DDM_3_20260730,E,DDM x3,16.28,3.32
MexB_DDM_3_20260730,E,DDM x3,16.15,3.34
MexB_DDM_3_20260730,E,DDM x3,16.02,3.37
MexB_DDM_3_20260730,E,DDM x3,15.89,3.40
MexB_DDM_3_20260730,E,DDM x3,15.76,3.43
MexB_DDM_3_20260730,E,DDM x3,15.63,3.46
MexB_DDM_3_20260730,E,DDM x3,15.50,3.50
MexB_DDM_3_20260730,E,DDM x3,15.37,3.55
MexB_DDM_3_20260730,E,DDM x3,15.24,3.59
MexB_DDM_3_20260730,E,DDM x3,15.10,3.62
MexB_DDM_3_20260730,E,DDM x3,14.96,3.65
MexB_DDM_3_20260730,E,DDM x3,14.82,3.68
MexB_DDM_3_20260730,E,DDM x3,14.68,3.71
MexB_DDM_3_20260730,E,DDM x3,14.56,3.72
MexB_DDM_3_20260730,E,DDM x3,14.44,3.73
MexB_DDM_3_20260730,E,DDM x3,14.32,3.75
MexB_DDM_3_20260730,E,DDM x3,14.20,3.76
MexB_DDM_3_20260730,E,DDM x3,14.08,3.78
MexB_DDM_3_20260730,E,DDM x3,13.94,3.77
MexB_DDM_3_20260730,E,DDM x3,13.80,3.76
MexB_DDM_3_20260730,E,DDM x3,13.67,3.76
MexB_DDM_3_20260730,E,DDM x3,13.53,3.76
MexB_DDM_3_20260730,E,DDM x3,13.38,3.72
MexB_DDM_3_20260730,E,DDM x3,13.23,3.69
MexB_DDM_3_20260730,E,DDM x3,13.08,3.67
MexB_DDM_3_20260730,E,DDM x3,12.98,3.62
MexB_DDM_3_20260730,E,DDM x3,12.87,3.57
MexB_DDM_3_20260730,E,DDM x3,12.85,3.57
MexB_DDM_3_20260730,E,DDM x3,12.77,3.64
MexB_DDM_3_20260730,E,DDM x3,12.69,3.71
MexB_DDM_3_20260730,E,DDM x3,12.55,3.78
MexB_DDM_3_20260730,E,DDM x3,12.42,3.85
MexB_DDM_3_20260730,E,DDM x3,12.29,3.92
MexB_DDM_3_20260730,E,DDM x3,12.14,3.98
MexB_DDM_3_20260730,E,DDM x3,11.99,4.01
MexB_DDM_3_20260730,E,DDM x3,11.85,4.04
MexB_DDM_3_20260730,E,DDM x3,11.70,4.07
MexB_DDM_3_20260730,E,DDM x3,11.57,4.08
MexB_DDM_3_20260730,E,DDM x3,11.43,4.10
MexB_DDM_3_20260730,E,DDM x3,11.30,4.11
MexB_DDM_3_20260730,E,DDM x3,11.17,4.14
MexB_DDM_3_20260730,E,DDM x3,11.04,4.16
MexB_DDM_3_20260730,E,DDM x3,10.91,4.17
MexB_DDM_3_20260730,E,DDM x3,10.79,4.18
MexB_DDM_3_20260730,E,DDM x3,10.66,4.19
MexB_DDM_3_20260730,E,DDM x3,10.53,4.21
MexB_DDM_3_20260730,E,DDM x3,10.41,4.22
MexB_DDM_3_20260730,E,DDM x3,10.29,4.24
MexB_DDM_3_20260730,E,DDM x3,10.17,4.25
MexB_DDM_3_20260730,E,DDM x3,10.05,4.26
MexB_DDM_3_20260730,E,DDM x3,9.93,4.28
MexB_DDM_3_20260730,E,DDM x3,9.81,4.30
MexB_DDM_3_20260730,E,DDM x3,9.68,4.31
MexB_DDM_3_20260730,E,DDM x3,9.55,4.31
MexB_DDM_3_20260730,E,DDM x3,9.43,4.32
MexB_DDM_3_20260730,E,DDM x3,9.30,4.34
MexB_DDM_3_20260730,E,DDM x3,9.17,4.35
MexB_DDM_3_20260730,E,DDM x3,9.03,4.35
MexB_DDM_3_20260730,E,DDM x3,8.90,4.36
MexB_DDM_3_20260730,E,DDM x3,8.76,4.37
MexB_DDM_3_20260730,E,DDM x3,8.62,4.38
MexB_DDM_3_20260730,E,DDM x3,8.48,4.39
MexB_DDM_3_20260730,E,DDM x3,8.34,4.39
MexB_DDM_3_20260730,E,DDM x3,8.20,4.39
MexB_DDM_3_20260730,E,DDM x3,8.06,4.39
MexB_DDM_3_20260730,E,DDM x3,7.93,4.40
MexB_DDM_3_20260730,E,DDM x3,7.79,4.41
MexB_DDM_3_20260730,E,DDM x3,7.64,4.40
MexB_DDM_3_20260730,E,DDM x3,7.50,4.39
MexB_DDM_3_20260730,E,DDM x3,7.36,4.38
MexB_DDM_3_20260730,E,DDM x3,7.21,4.38
MexB_DDM_3_20260730,E,DDM x3,7.10,4.36
MexB_DDM_3_20260730,E,DDM x3,6.98,4.35
MexB_DDM_3_20260730,E,DDM x3,6.87,4.34
MexB_DDM_3_20260730,E,DDM x3,6.75,4.31
MexB_DDM_3_20260730,E,DDM x3,6.63,4.30
MexB_DDM_3_20260730,E,DDM x3,6.52,4.29
MexB_DDM_3_20260730,E,DDM x3,6.40,4.28
MexB_DDM_3_20260730,E,DDM x3,6.28,4.29
MexB_DDM_3_20260730,E,DDM x3,6.15,4.29
MexB_DDM_3_20260730,E,DDM x3,6.03,4.29
MexB_DDM_3_20260730,E,DDM x3,5.91,4.28
MexB_DDM_3_20260730,E,DDM x3,5.80,4.28
MexB_DDM_3_20260730,E,DDM x3,5.70,4.29
MexB_DDM_3_20260730,E,DDM x3,5.59,4.30
MexB_DDM_3_20260730,E,DDM x3,5.46,4.30
MexB_DDM_3_20260730,E,DDM x3,5.33,4.31
MexB_DDM_3_20260730,E,DDM x3,5.19,4.32
MexB_DDM_3_20260730,E,DDM x3,5.08,4.32
MexB_DDM_3_20260730,E,DDM x3,4.96,4.33
MexB_DDM_3_20260730,E,DDM x3,4.84,4.33
MexB_DDM_3_20260730,E,DDM x3,4.72,4.30
MexB_DDM_3_20260730,E,DDM x3,4.61,4.26
MexB_DDM_3_20260730,E,DDM x3,4.49,4.20
MexB_DDM_3_20260730,E,DDM x3,4.39,4.19
MexB_DDM_3_20260730,E,DDM x3,4.30,4.19
MexB_DDM_3_20260730,E,DDM x3,4.19,4.18
MexB_DDM_3_20260730,E,DDM x3,4.08,4.18
MexB_DDM_3_20260730,E,DDM x3,3.97,4.18
MexB_DDM_3_20260730,E,DDM x3,3.83,4.15
MexB_DDM_3_20260730,E,DDM x3,3.70,4.13
MexB_DDM_3_20260730,E,DDM x3,3.56,4.11
MexB_DDM_3_20260730,E,DDM x3,3.44,4.07
MexB_DDM_3_20260730,E,DDM x3,3.31,4.03
MexB_DDM_3_20260730,E,DDM x3,3.19,3.99
MexB_DDM_3_20260730,E,DDM x3,3.08,3.93
MexB_DDM_3_20260730,E,DDM x3,2.96,3.88
MexB_DDM_3_20260730,E,DDM x3,2.88,3.85
MexB_DDM_3_20260730,E,DDM x3,2.87,3.85
MexB_DDM_3_20260730,E,DDM x3,2.79,3.87
MexB_DDM_3_20260730,E,DDM x3,2.66,3.89
MexB_DDM_3_20260730,E,DDM x3,2.53,3.91
MexB_DDM_3_20260730,E,DDM x3,2.42,3.93
MexB_DDM_3_20260730,E,DDM x3,2.30,3.94
MexB_DDM_3_20260730,E,DDM x3,2.18,3.95
MexB_DDM_3_20260730,E,DDM x3,2.05,3.96
MexB_DDM_3_20260730,E,DDM x3,1.93,3.98
MexB_DDM_3_20260730,E,DDM x3,1.80,4.00
MexB_DDM_3_20260730,E,DDM x3,1.69,3.97
MexB_DDM_3_20260730,E,DDM x3,1.57,3.95
MexB_DDM_3_20260730,E,DDM x3,1.45,3.91
MexB_DDM_3_20260730,E,DDM x3,1.35,3.86
MexB_DDM_3_20260730,E,DDM x3,1.25,3.82
MexB_DDM_3_20260730,E,DDM x3,1.14,3.77
MexB_DDM_3_20260730,E,DDM x3,1.00,3.72
MexB_DDM_3_20260730,E,DDM x3,0.93,3.69
MexB_DDM_3_20260730,E,DDM x3,0.85,3.71
MexB_DDM_3_20260730,E,DDM x3,0.78,3.72
MexB_DDM_3_20260730,E,DDM x3,0.68,3.69
MexB_DDM_3_20260730,E,DDM x3,0.53,3.62
MexB_DDM_3_20260730,E,DDM x3,0.39,3.51
MexB_DDM_3_20260730,E,DDM x3,0.26,3.43
MexB_DDM_3_20260730,E,DDM x3,0.13,3.34
MexB_DDM_3_20260730,E,DDM x3,0.00,3.26
3W9J,B,EPI,72.13,1.48
3W9J,B,EPI,71.99,1.56
3W9J,B,EPI,71.86,1.65
3W9J,B,EPI,71.73,1.74
3W9J,B,EPI,71.60,1.83
3W9J,B,EPI,71.47,1.92
3W9J,B,EPI,71.34,2.02
3W9J,B,EPI,71.21,2.12
3W9J,B,EPI,71.07,2.22
3W9J,B,EPI,70.92,2.29
3W9J,B,EPI,70.78,2.37
3W9J,B,EPI,70.64,2.46
3W9J,B,EPI,70.50,2.54
3W9J,B,EPI,70.36,2.63
3W9J,B,EPI,70.22,2.67
3W9J,B,EPI,70.09,2.72
3W9J,B,EPI,69.96,2.77
3W9J,B,EPI,69.82,2.82
3W9J,B,EPI,69.69,2.88
3W9J,B,EPI,69.55,2.94
3W9J,B,EPI,69.42,2.94
3W9J,B,EPI,69.29,2.95
3W9J,B,EPI,69.16,2.96
3W9J,B,EPI,69.03,2.97
3W9J,B,EPI,68.90,2.99
3W9J,B,EPI,68.77,3.01
3W9J,B,EPI,68.63,2.99
3W9J,B,EPI,68.49,2.98
3W9J,B,EPI,68.35,2.97
3W9J,B,EPI,68.21,2.96
3W9J,B,EPI,68.07,2.96
3W9J,B,EPI,67.93,2.96
3W9J,B,EPI,67.79,2.96
3W9J,B,EPI,67.65,2.96
3W9J,B,EPI,67.50,2.96
3W9J,B,EPI,67.36,2.97
3W9J,B,EPI,67.22,2.98
3W9J,B,EPI,67.08,3.00
3W9J,B,EPI,66.95,3.02
3W9J,B,EPI,66.82,3.04
3W9J,B,EPI,66.69,3.06
3W9J,B,EPI,66.56,3.08
3W9J,B,EPI,66.43,3.11
3W9J,B,EPI,66.31,3.14
3W9J,B,EPI,66.18,3.17
3W9J,B,EPI,66.05,3.19
3W9J,B,EPI,65.92,3.22
3W9J,B,EPI,65.79,3.26
3W9J,B,EPI,65.66,3.29
3W9J,B,EPI,65.52,3.33
3W9J,B,EPI,65.39,3.34
3W9J,B,EPI,65.26,3.34
3W9J,B,EPI,65.13,3.35
3W9J,B,EPI,64.99,3.34
3W9J,B,EPI,64.86,3.33
3W9J,B,EPI,64.73,3.33
3W9J,B,EPI,64.61,3.32
3W9J,B,EPI,64.50,3.31
3W9J,B,EPI,64.38,3.30
3W9J,B,EPI,64.26,3.29
3W9J,B,EPI,64.14,3.28
3W9J,B,EPI,64.01,3.27
3W9J,B,EPI,63.89,3.26
3W9J,B,EPI,63.76,3.26
3W9J,B,EPI,63.64,3.26
3W9J,B,EPI,63.50,3.27
3W9J,B,EPI,63.35,3.27
3W9J,B,EPI,63.21,3.27
3W9J,B,EPI,63.07,3.27
3W9J,B,EPI,62.92,3.28
3W9J,B,EPI,62.80,3.27
3W9J,B,EPI,62.67,3.26
3W9J,B,EPI,62.54,3.26
3W9J,B,EPI,62.42,3.26
3W9J,B,EPI,62.29,3.26
3W9J,B,EPI,62.16,3.27
3W9J,B,EPI,62.03,3.25
3W9J,B,EPI,61.89,3.23
3W9J,B,EPI,61.76,3.22
3W9J,B,EPI,61.63,3.21
3W9J,B,EPI,61.49,3.21
3W9J,B,EPI,61.36,3.21
3W9J,B,EPI,61.21,3.18
3W9J,B,EPI,61.07,3.16
3W9J,B,EPI,60.92,3.14
3W9J,B,EPI,60.78,3.13
3W9J,B,EPI,60.63,3.12
3W9J,B,EPI,60.49,3.11
3W9J,B,EPI,60.35,3.10
3W9J,B,EPI,60.21,3.09
3W9J,B,EPI,60.07,3.08
3W9J,B,EPI,59.93,3.08
3W9J,B,EPI,59.80,3.08
3W9J,B,EPI,59.66,3.08
3W9J,B,EPI,59.52,3.09
3W9J,B,EPI,59.37,3.08
3W9J,B,EPI,59.23,3.07
3W9J,B,EPI,59.08,3.07
3W9J,B,EPI,58.93,3.07
3W9J,B,EPI,58.78,3.07
3W9J,B,EPI,58.64,3.08
3W9J,B,EPI,58.49,3.10
3W9J,B,EPI,58.36,3.09
3W9J,B,EPI,58.23,3.09
3W9J,B,EPI,58.10,3.09
3W9J,B,EPI,57.96,3.10
3W9J,B,EPI,57.83,3.11
3W9J,B,EPI,57.70,3.12
3W9J,B,EPI,57.57,3.14
3W9J,B,EPI,57.44,3.16
3W9J,B,EPI,57.29,3.16
3W9J,B,EPI,57.15,3.17
3W9J,B,EPI,57.00,3.18
3W9J,B,EPI,56.86,3.20
3W9J,B,EPI,56.72,3.22
3W9J,B,EPI,56.57,3.24
3W9J,B,EPI,56.43,3.27
3W9J,B,EPI,56.28,3.29
3W9J,B,EPI,56.14,3.31
3W9J,B,EPI,55.99,3.34
3W9J,B,EPI,55.85,3.37
3W9J,B,EPI,55.70,3.40
3W9J,B,EPI,55.55,3.44
3W9J,B,EPI,55.41,3.47
3W9J,B,EPI,55.27,3.51
3W9J,B,EPI,55.13,3.55
3W9J,B,EPI,54.99,3.57
3W9J,B,EPI,54.85,3.59
3W9J,B,EPI,54.72,3.61
3W9J,B,EPI,54.60,3.63
3W9J,B,EPI,54.48,3.66
3W9J,B,EPI,54.35,3.69
3W9J,B,EPI,54.23,3.72
3W9J,B,EPI,54.09,3.74
3W9J,B,EPI,53.96,3.76
3W9J,B,EPI,53.82,3.79
3W9J,B,EPI,53.69,3.82
3W9J,B,EPI,53.55,3.85
3W9J,B,EPI,53.41,3.86
3W9J,B,EPI,53.26,3.88
3W9J,B,EPI,53.12,3.89
3W9J,B,EPI,52.98,3.91
3W9J,B,EPI,52.83,3.94
3W9J,B,EPI,52.71,3.92
3W9J,B,EPI,52.58,3.90
3W9J,B,EPI,52.45,3.89
3W9J,B,EPI,52.33,3.88
3W9J,B,EPI,52.20,3.87
3W9J,B,EPI,52.07,3.83
3W9J,B,EPI,51.94,3.79
3W9J,B,EPI,51.81,3.75
3W9J,B,EPI,51.67,3.72
3W9J,B,EPI,51.54,3.68
3W9J,B,EPI,51.41,3.63
3W9J,B,EPI,51.27,3.57
3W9J,B,EPI,51.14,3.51
3W9J,B,EPI,51.00,3.45
3W9J,B,EPI,50.89,3.40
3W9J,B,EPI,50.78,3.36
3W9J,B,EPI,50.66,3.31
3W9J,B,EPI,50.52,3.30
3W9J,B,EPI,50.38,3.30
3W9J,B,EPI,50.27,3.32
3W9J,B,EPI,50.15,3.34
3W9J,B,EPI,50.04,3.37
3W9J,B,EPI,49.92,3.38
3W9J,B,EPI,49.80,3.40
3W9J,B,EPI,49.68,3.42
3W9J,B,EPI,49.54,3.45
3W9J,B,EPI,49.39,3.47
3W9J,B,EPI,49.31,3.48
3W9J,B,EPI,49.23,3.49
3W9J,B,EPI,49.15,3.48
3W9J,B,EPI,49.07,3.48
3W9J,B,EPI,48.93,3.49
3W9J,B,EPI,48.79,3.51
3W9J,B,EPI,48.66,3.54
3W9J,B,EPI,48.54,3.57
3W9J,B,EPI,48.41,3.60
3W9J,B,EPI,48.28,3.60
3W9J,B,EPI,48.15,3.59
3W9J,B,EPI,48.01,3.58
3W9J,B,EPI,47.88,3.58
3W9J,B,EPI,47.74,3.58
3W9J,B,EPI,47.60,3.58
3W9J,B,EPI,47.47,3.55
3W9J,B,EPI,47.33,3.52
3W9J,B,EPI,47.19,3.50
3W9J,B,EPI,47.05,3.48
3W9J,B,EPI,46.92,3.46
3W9J,B,EPI,46.78,3.45
3W9J,B,EPI,46.65,3.40
3W9J,B,EPI,46.52,3.36
3W9J,B,EPI,46.39,3.32
3W9J,B,EPI,46.25,3.28
3W9J,B,EPI,46.12,3.24
3W9J,B,EPI,45.99,3.21
3W9J,B,EPI,45.86,3.19
3W9J,B,EPI,45.73,3.14
3W9J,B,EPI,45.59,3.09
3W9J,B,EPI,45.46,3.04
3W9J,B,EPI,45.32,3.00
3W9J,B,EPI,45.18,2.97
3W9J,B,EPI,45.05,2.93
3W9J,B,EPI,44.91,2.90
3W9J,B,EPI,44.77,2.85
3W9J,B,EPI,44.62,2.80
3W9J,B,EPI,44.47,2.76
3W9J,B,EPI,44.32,2.72
3W9J,B,EPI,44.18,2.69
3W9J,B,EPI,44.03,2.66
3W9J,B,EPI,43.90,2.62
3W9J,B,EPI,43.76,2.58
3W9J,B,EPI,43.63,2.55
3W9J,B,EPI,43.49,2.52
3W9J,B,EPI,43.36,2.49
3W9J,B,EPI,43.23,2.44
3W9J,B,EPI,43.10,2.38
3W9J,B,EPI,42.97,2.31
3W9J,B,EPI,42.86,2.28
3W9J,B,EPI,42.76,2.24
3W9J,B,EPI,42.66,2.22
3W9J,B,EPI,42.53,2.19
3W9J,B,EPI,42.40,2.16
3W9J,B,EPI,42.27,2.14
3W9J,B,EPI,42.15,2.10
3W9J,B,EPI,42.03,2.07
3W9J,B,EPI,41.90,2.05
3W9J,B,EPI,41.78,2.02
3W9J,B,EPI,41.66,1.99
3W9J,B,EPI,41.53,1.96
3W9J,B,EPI,41.41,1.94
3W9J,B,EPI,41.29,1.91
3W9J,B,EPI,41.16,1.90
3W9J,B,EPI,41.03,1.88
3W9J,B,EPI,40.89,1.87
3W9J,B,EPI,40.76,1.86
3W9J,B,EPI,40.62,1.86
3W9J,B,EPI,40.48,1.86
3W9J,B,EPI,40.35,1.86
3W9J,B,EPI,40.21,1.87
3W9J,B,EPI,40.07,1.89
3W9J,B,EPI,39.93,1.90
3W9J,B,EPI,39.80,1.93
3W9J,B,EPI,39.67,1.93
3W9J,B,EPI,39.54,1.94
3W9J,B,EPI,39.42,1.95
3W9J,B,EPI,39.29,1.96
3W9J,B,EPI,39.16,1.99
3W9J,B,EPI,39.04,1.99
3W9J,B,EPI,38.91,1.98
3W9J,B,EPI,38.79,1.98
3W9J,B,EPI,38.67,1.98
3W9J,B,EPI,38.55,1.96
3W9J,B,EPI,38.42,1.94
3W9J,B,EPI,38.30,1.93
3W9J,B,EPI,38.18,1.92
3W9J,B,EPI,38.06,1.92
3W9J,B,EPI,37.94,1.91
3W9J,B,EPI,37.80,1.91
3W9J,B,EPI,37.66,1.90
3W9J,B,EPI,37.52,1.90
3W9J,B,EPI,37.39,1.91
3W9J,B,EPI,37.26,1.92
3W9J,B,EPI,37.14,1.93
3W9J,B,EPI,37.01,1.95
3W9J,B,EPI,36.89,1.98
3W9J,B,EPI,36.77,1.99
3W9J,B,EPI,36.66,2.00
3W9J,B,EPI,36.54,2.02
3W9J,B,EPI,36.42,2.04
3W9J,B,EPI,36.30,2.04
3W9J,B,EPI,36.19,2.04
3W9J,B,EPI,36.07,2.04
3W9J,B,EPI,35.95,2.04
3W9J,B,EPI,35.82,2.02
3W9J,B,EPI,35.68,2.00
3W9J,B,EPI,35.54,1.98
3W9J,B,EPI,35.41,1.97
3W9J,B,EPI,35.27,1.94
3W9J,B,EPI,35.14,1.92
3W9J,B,EPI,35.01,1.90
3W9J,B,EPI,34.87,1.89
3W9J,B,EPI,34.74,1.88
3W9J,B,EPI,34.61,1.86
3W9J,B,EPI,34.49,1.84
3W9J,B,EPI,34.36,1.83
3W9J,B,EPI,34.23,1.82
3W9J,B,EPI,34.11,1.82
3W9J,B,EPI,33.98,1.81
3W9J,B,EPI,33.85,1.81
3W9J,B,EPI,33.72,1.81
3W9J,B,EPI,33.59,1.81
3W9J,B,EPI,33.46,1.83
3W9J,B,EPI,33.34,1.83
3W9J,B,EPI,33.21,1.83
3W9J,B,EPI,33.08,1.84
3W9J,B,EPI,32.95,1.86
3W9J,B,EPI,32.82,1.88
3W9J,B,EPI,32.69,1.89
3W9J,B,EPI,32.56,1.90
3W9J,B,EPI,32.42,1.92
3W9J,B,EPI,32.29,1.95
3W9J,B,EPI,32.16,1.97
3W9J,B,EPI,32.02,1.99
3W9J,B,EPI,31.88,2.02
3W9J,B,EPI,31.74,2.05
3W9J,B,EPI,31.60,2.09
3W9J,B,EPI,31.46,2.12
3W9J,B,EPI,31.31,2.15
3W9J,B,EPI,31.17,2.16
3W9J,B,EPI,31.02,2.18
3W9J,B,EPI,30.87,2.20
3W9J,B,EPI,30.73,2.23
3W9J,B,EPI,30.60,2.24
3W9J,B,EPI,30.47,2.26
3W9J,B,EPI,30.34,2.28
3W9J,B,EPI,30.21,2.30
3W9J,B,EPI,30.08,2.32
3W9J,B,EPI,29.96,2.35
3W9J,B,EPI,29.82,2.37
3W9J,B,EPI,29.68,2.39
3W9J,B,EPI,29.54,2.41
3W9J,B,EPI,29.41,2.44
3W9J,B,EPI,29.27,2.47
3W9J,B,EPI,29.13,2.51
3W9J,B,EPI,29.00,2.52
3W9J,B,EPI,28.87,2.53
3W9J,B,EPI,28.74,2.55
3W9J,B,EPI,28.62,2.57
3W9J,B,EPI,28.49,2.59
3W9J,B,EPI,28.36,2.62
3W9J,B,EPI,28.23,2.65
3W9J,B,EPI,28.09,2.66
3W9J,B,EPI,27.95,2.67
3W9J,B,EPI,27.81,2.69
3W9J,B,EPI,27.67,2.71
3W9J,B,EPI,27.53,2.74
3W9J,B,EPI,27.39,2.77
3W9J,B,EPI,27.26,2.79
3W9J,B,EPI,27.12,2.81
3W9J,B,EPI,26.99,2.82
3W9J,B,EPI,26.85,2.83
3W9J,B,EPI,26.72,2.84
3W9J,B,EPI,26.58,2.86
3W9J,B,EPI,26.45,2.88
3W9J,B,EPI,26.31,2.91
3W9J,B,EPI,26.18,2.91
3W9J,B,EPI,26.04,2.92
3W9J,B,EPI,25.90,2.94
3W9J,B,EPI,25.77,2.95
3W9J,B,EPI,25.63,2.98
3W9J,B,EPI,25.49,3.00
3W9J,B,EPI,25.34,3.01
3W9J,B,EPI,25.19,3.02
3W9J,B,EPI,25.04,3.04
3W9J,B,EPI,24.89,3.06
3W9J,B,EPI,24.74,3.08
3W9J,B,EPI,24.60,3.10
3W9J,B,EPI,24.46,3.12
3W9J,B,EPI,24.32,3.14
3W9J,B,EPI,24.18,3.16
3W9J,B,EPI,24.03,3.19
3W9J,B,EPI,23.91,3.20
3W9J,B,EPI,23.78,3.20
3W9J,B,EPI,23.66,3.20
3W9J,B,EPI,23.53,3.20
3W9J,B,EPI,23.40,3.21
3W9J,B,EPI,23.28,3.22
3W9J,B,EPI,23.14,3.22
3W9J,B,EPI,23.00,3.21
3W9J,B,EPI,22.86,3.22
3W9J,B,EPI,22.72,3.22
3W9J,B,EPI,22.59,3.23
3W9J,B,EPI,22.45,3.25
3W9J,B,EPI,22.31,3.25
3W9J,B,EPI,22.17,3.26
3W9J,B,EPI,22.03,3.28
3W9J,B,EPI,21.89,3.29
3W9J,B,EPI,21.75,3.31
3W9J,B,EPI,21.61,3.34
3W9J,B,EPI,21.47,3.34
3W9J,B,EPI,21.32,3.34
3W9J,B,EPI,21.18,3.35
3W9J,B,EPI,21.04,3.37
3W9J,B,EPI,20.89,3.39
3W9J,B,EPI,20.75,3.39
3W9J,B,EPI,20.61,3.40
3W9J,B,EPI,20.47,3.41
3W9J,B,EPI,20.33,3.42
3W9J,B,EPI,20.20,3.43
3W9J,B,EPI,20.07,3.44
3W9J,B,EPI,19.94,3.45
3W9J,B,EPI,19.81,3.47
3W9J,B,EPI,19.69,3.49
3W9J,B,EPI,19.56,3.51
3W9J,B,EPI,19.44,3.53
3W9J,B,EPI,19.31,3.56
3W9J,B,EPI,19.19,3.59
3W9J,B,EPI,19.06,3.60
3W9J,B,EPI,18.94,3.62
3W9J,B,EPI,18.81,3.65
3W9J,B,EPI,18.68,3.67
3W9J,B,EPI,18.56,3.70
3W9J,B,EPI,18.43,3.74
3W9J,B,EPI,18.29,3.75
3W9J,B,EPI,18.14,3.76
3W9J,B,EPI,18.00,3.79
3W9J,B,EPI,17.86,3.81
3W9J,B,EPI,17.71,3.84
3W9J,B,EPI,17.57,3.87
3W9J,B,EPI,17.42,3.87
3W9J,B,EPI,17.27,3.87
3W9J,B,EPI,17.12,3.88
3W9J,B,EPI,16.98,3.89
3W9J,B,EPI,16.83,3.90
3W9J,B,EPI,16.68,3.92
3W9J,B,EPI,16.54,3.89
3W9J,B,EPI,16.39,3.86
3W9J,B,EPI,16.25,3.83
3W9J,B,EPI,16.10,3.81
3W9J,B,EPI,15.96,3.79
3W9J,B,EPI,15.81,3.77
3W9J,B,EPI,15.67,3.71
3W9J,B,EPI,15.52,3.66
3W9J,B,EPI,15.37,3.61
3W9J,B,EPI,15.23,3.56
3W9J,B,EPI,15.08,3.51
3W9J,B,EPI,14.94,3.47
3W9J,B,EPI,14.80,3.41
3W9J,B,EPI,14.67,3.34
3W9J,B,EPI,14.53,3.28
3W9J,B,EPI,14.39,3.23
3W9J,B,EPI,14.26,3.17
3W9J,B,EPI,14.12,3.11
3W9J,B,EPI,13.99,3.06
3W9J,B,EPI,13.87,3.02
3W9J,B,EPI,13.74,2.97
3W9J,B,EPI,13.61,2.93
3W9J,B,EPI,13.48,2.89
3W9J,B,EPI,13.36,2.85
3W9J,B,EPI,13.25,2.82
3W9J,B,EPI,13.13,2.80
3W9J,B,EPI,13.01,2.78
3W9J,B,EPI,12.88,2.75
3W9J,B,EPI,12.75,2.73
3W9J,B,EPI,12.62,2.71
3W9J,B,EPI,12.48,2.69
3W9J,B,EPI,12.33,2.67
3W9J,B,EPI,12.19,2.66
3W9J,B,EPI,12.05,2.63
3W9J,B,EPI,11.91,2.59
3W9J,B,EPI,11.77,2.56
3W9J,B,EPI,11.63,2.54
3W9J,B,EPI,11.50,2.48
3W9J,B,EPI,11.36,2.43
3W9J,B,EPI,11.23,2.39
3W9J,B,EPI,11.10,2.35
3W9J,B,EPI,10.97,2.31
3W9J,B,EPI,10.84,2.25
3W9J,B,EPI,10.71,2.20
3W9J,B,EPI,10.58,2.15
3W9J,B,EPI,10.45,2.11
3W9J,B,EPI,10.32,2.06
3W9J,B,EPI,10.19,2.02
3W9J,B,EPI,10.06,1.98
3W9J,B,EPI,9.92,1.94
3W9J,B,EPI,9.78,1.91
3W9J,B,EPI,9.64,1.89
3W9J,B,EPI,9.50,1.87
3W9J,B,EPI,9.36,1.85
3W9J,B,EPI,9.23,1.85
3W9J,B,EPI,9.10,1.86
3W9J,B,EPI,8.97,1.85
3W9J,B,EPI,8.84,1.86
3W9J,B,EPI,8.71,1.87
3W9J,B,EPI,8.58,1.88
3W9J,B,EPI,8.45,1.90
3W9J,B,EPI,8.32,1.91
3W9J,B,EPI,8.19,1.93
3W9J,B,EPI,8.05,1.95
3W9J,B,EPI,7.92,1.98
3W9J,B,EPI,7.78,2.01
3W9J,B,EPI,7.65,2.05
3W9J,B,EPI,7.52,2.09
3W9J,B,EPI,7.38,2.13
3W9J,B,EPI,7.25,2.18
3W9J,B,EPI,7.12,2.22
3W9J,B,EPI,6.99,2.25
3W9J,B,EPI,6.86,2.29
3W9J,B,EPI,6.73,2.33
3W9J,B,EPI,6.59,2.38
3W9J,B,EPI,6.47,2.40
3W9J,B,EPI,6.34,2.43
3W9J,B,EPI,6.21,2.46
3W9J,B,EPI,6.08,2.50
3W9J,B,EPI,5.95,2.54
3W9J,B,EPI,5.82,2.58
3W9J,B,EPI,5.69,2.63
3W9J,B,EPI,5.54,2.66
3W9J,B,EPI,5.39,2.69
3W9J,B,EPI,5.25,2.73
3W9J,B,EPI,5.10,2.77
3W9J,B,EPI,4.95,2.81
3W9J,B,EPI,4.81,2.86
3W9J,B,EPI,4.66,2.91
3W9J,B,EPI,4.51,2.96
3W9J,B,EPI,4.37,3.02
3W9J,B,EPI,4.22,3.08
3W9J,B,EPI,4.07,3.14
3W9J,B,EPI,3.93,3.21
3W9J,B,EPI,3.80,3.25
3W9J,B,EPI,3.67,3.29
3W9J,B,EPI,3.54,3.34
3W9J,B,EPI,3.41,3.38
3W9J,B,EPI,3.28,3.44
3W9J,B,EPI,3.15,3.49
3W9J,B,EPI,3.02,3.55
3W9J,B,EPI,2.88,3.58
3W9J,B,EPI,2.74,3.61
3W9J,B,EPI,2.60,3.65
3W9J,B,EPI,2.46,3.69
3W9J,B,EPI,2.33,3.71
3W9J,B,EPI,2.19,3.72
3W9J,B,EPI,2.05,3.75
3W9J,B,EPI,1.91,3.72
3W9J,B,EPI,1.77,3.70
3W9J,B,EPI,1.63,3.69
3W9J,B,EPI,1.49,3.67
3W9J,B,EPI,1.35,3.66
3W9J,B,EPI,1.21,3.66
3W9J,B,EPI,1.07,3.66
3W9J,B,EPI,0.94,3.62
3W9J,B,EPI,0.80,3.58
3W9J,B,EPI,0.67,3.55
3W9J,B,EPI,0.53,3.52
3W9J,B,EPI,0.40,3.49
3W9J,B,EPI,0.27,3.46
3W9J,B,EPI,0.13,3.42
3W9J,B,EPI,0.00,3.38
6IIA,B,LMNG,64.96,2.19
6IIA,B,LMNG,64.83,2.23
6IIA,B,LMNG,64.70,2.28
6IIA,B,LMNG,64.58,2.33
6IIA,B,LMNG,64.45,2.39
6IIA,B,LMNG,64.32,2.45
6IIA,B,LMNG,64.20,2.47
6IIA,B,LMNG,64.08,2.50
6IIA,B,LMNG,63.96,2.54
6IIA,B,LMNG,63.84,2.57
6IIA,B,LMNG,63.72,2.62
6IIA,B,LMNG,63.58,2.63
6IIA,B,LMNG,63.45,2.65
6IIA,B,LMNG,63.32,2.66
6IIA,B,LMNG,63.18,2.69
6IIA,B,LMNG,63.05,2.71
6IIA,B,LMNG,62.92,2.73
6IIA,B,LMNG,62.79,2.74
6IIA,B,LMNG,62.65,2.76
6IIA,B,LMNG,62.52,2.79
6IIA,B,LMNG,62.39,2.81
6IIA,B,LMNG,62.27,2.83
6IIA,B,LMNG,62.14,2.84
6IIA,B,LMNG,62.02,2.86
6IIA,B,LMNG,61.89,2.88
6IIA,B,LMNG,61.77,2.90
6IIA,B,LMNG,61.64,2.91
6IIA,B,LMNG,61.51,2.92
6IIA,B,LMNG,61.38,2.94
6IIA,B,LMNG,61.25,2.96
6IIA,B,LMNG,61.13,2.98
6IIA,B,LMNG,60.99,2.99
6IIA,B,LMNG,60.86,3.01
6IIA,B,LMNG,60.72,3.02
6IIA,B,LMNG,60.59,3.04
6IIA,B,LMNG,60.45,3.06
6IIA,B,LMNG,60.31,3.06
6IIA,B,LMNG,60.17,3.07
6IIA,B,LMNG,60.02,3.09
6IIA,B,LMNG,59.88,3.11
6IIA,B,LMNG,59.74,3.13
6IIA,B,LMNG,59.59,3.14
6IIA,B,LMNG,59.44,3.15
6IIA,B,LMNG,59.29,3.16
6IIA,B,LMNG,59.14,3.18
6IIA,B,LMNG,58.99,3.21
6IIA,B,LMNG,58.86,3.22
6IIA,B,LMNG,58.72,3.24
6IIA,B,LMNG,58.59,3.26
6IIA,B,LMNG,58.45,3.28
6IIA,B,LMNG,58.32,3.31
6IIA,B,LMNG,58.18,3.33
6IIA,B,LMNG,58.04,3.35
6IIA,B,LMNG,57.90,3.37
6IIA,B,LMNG,57.77,3.40
6IIA,B,LMNG,57.62,3.42
6IIA,B,LMNG,57.48,3.45
6IIA,B,LMNG,57.33,3.46
6IIA,B,LMNG,57.19,3.49
6IIA,B,LMNG,57.04,3.52
6IIA,B,LMNG,56.90,3.55
6IIA,B,LMNG,56.77,3.58
6IIA,B,LMNG,56.64,3.61
6IIA,B,LMNG,56.51,3.64
6IIA,B,LMNG,56.38,3.68
6IIA,B,LMNG,56.25,3.70
6IIA,B,LMNG,56.11,3.71
6IIA,B,LMNG,55.98,3.74
6IIA,B,LMNG,55.84,3.76
6IIA,B,LMNG,55.69,3.76
6IIA,B,LMNG,55.55,3.76
6IIA,B,LMNG,55.40,3.77
6IIA,B,LMNG,55.29,3.75
6IIA,B,LMNG,55.18,3.73
6IIA,B,LMNG,55.07,3.71
6IIA,B,LMNG,54.94,3.72
6IIA,B,LMNG,54.80,3.73
6IIA,B,LMNG,54.68,3.76
6IIA,B,LMNG,54.56,3.79
6IIA,B,LMNG,54.44,3.82
6IIA,B,LMNG,54.31,3.86
6IIA,B,LMNG,54.19,3.90
6IIA,B,LMNG,54.06,3.94
6IIA,B,LMNG,53.94,3.99
6IIA,B,LMNG,53.80,4.03
6IIA,B,LMNG,53.66,4.07
6IIA,B,LMNG,53.52,4.11
6IIA,B,LMNG,53.38,4.15
6IIA,B,LMNG,53.25,4.17
6IIA,B,LMNG,53.12,4.20
6IIA,B,LMNG,52.99,4.22
6IIA,B,LMNG,52.87,4.25
6IIA,B,LMNG,52.74,4.28
6IIA,B,LMNG,52.59,4.28
6IIA,B,LMNG,52.44,4.29
6IIA,B,LMNG,52.30,4.31
6IIA,B,LMNG,52.15,4.32
6IIA,B,LMNG,52.00,4.34
6IIA,B,LMNG,51.85,4.35
6IIA,B,LMNG,51.71,4.32
6IIA,B,LMNG,51.56,4.30
6IIA,B,LMNG,51.42,4.28
6IIA,B,LMNG,51.27,4.26
6IIA,B,LMNG,51.15,4.24
6IIA,B,LMNG,51.03,4.22
6IIA,B,LMNG,50.91,4.20
6IIA,B,LMNG,50.79,4.18
6IIA,B,LMNG,50.67,4.16
6IIA,B,LMNG,50.54,4.15
6IIA,B,LMNG,50.42,4.14
6IIA,B,LMNG,50.30,4.12
6IIA,B,LMNG,50.17,4.10
6IIA,B,LMNG,50.02,4.12
6IIA,B,LMNG,49.91,4.15
6IIA,B,LMNG,49.80,4.18
6IIA,B,LMNG,49.68,4.21
6IIA,B,LMNG,49.55,4.22
6IIA,B,LMNG,49.40,4.23
6IIA,B,LMNG,49.26,4.24
6IIA,B,LMNG,49.13,4.25
6IIA,B,LMNG,49.00,4.27
6IIA,B,LMNG,48.87,4.29
6IIA,B,LMNG,48.72,4.29
6IIA,B,LMNG,48.57,4.28
6IIA,B,LMNG,48.42,4.28
6IIA,B,LMNG,48.27,4.29
6IIA,B,LMNG,48.13,4.30
6IIA,B,LMNG,47.98,4.32
6IIA,B,LMNG,47.83,4.35
6IIA,B,LMNG,47.71,4.34
6IIA,B,LMNG,47.58,4.33
6IIA,B,LMNG,47.45,4.33
6IIA,B,LMNG,47.32,4.33
6IIA,B,LMNG,47.19,4.33
6IIA,B,LMNG,47.06,4.34
6IIA,B,LMNG,46.91,4.31
6IIA,B,LMNG,46.77,4.28
6IIA,B,LMNG,46.62,4.26
6IIA,B,LMNG,46.47,4.24
6IIA,B,LMNG,46.32,4.23
6IIA,B,LMNG,46.17,4.21
6IIA,B,LMNG,46.04,4.18
6IIA,B,LMNG,45.90,4.15
6IIA,B,LMNG,45.76,4.13
6IIA,B,LMNG,45.63,4.10
6IIA,B,LMNG,45.49,4.08
6IIA,B,LMNG,45.35,4.04
6IIA,B,LMNG,45.21,4.00
6IIA,B,LMNG,45.06,3.96
6IIA,B,LMNG,44.91,3.92
6IIA,B,LMNG,44.76,3.89
6IIA,B,LMNG,44.63,3.85
6IIA,B,LMNG,44.50,3.81
6IIA,B,LMNG,44.44,3.80
6IIA,B,LMNG,44.34,3.79
6IIA,B,LMNG,44.25,3.77
6IIA,B,LMNG,44.11,3.74
6IIA,B,LMNG,43.97,3.71
6IIA,B,LMNG,43.83,3.68
6IIA,B,LMNG,43.70,3.66
6IIA,B,LMNG,43.56,3.64
6IIA,B,LMNG,43.42,3.61
6IIA,B,LMNG,43.29,3.58
6IIA,B,LMNG,43.15,3.56
6IIA,B,LMNG,43.01,3.53
6IIA,B,LMNG,42.88,3.51
6IIA,B,LMNG,42.75,3.49
6IIA,B,LMNG,42.61,3.47
6IIA,B,LMNG,42.48,3.46
6IIA,B,LMNG,42.34,3.45
6IIA,B,LMNG,42.21,3.45
6IIA,B,LMNG,42.08,3.44
6IIA,B,LMNG,41.95,3.43
6IIA,B,LMNG,41.82,3.42
6IIA,B,LMNG,41.69,3.42
6IIA,B,LMNG,41.56,3.42
6IIA,B,LMNG,41.42,3.42
6IIA,B,LMNG,41.27,3.43
6IIA,B,LMNG,41.13,3.44
6IIA,B,LMNG,40.99,3.44
6IIA,B,LMNG,40.84,3.44
6IIA,B,LMNG,40.71,3.44
6IIA,B,LMNG,40.58,3.44
6IIA,B,LMNG,40.45,3.44
6IIA,B,LMNG,40.32,3.44
6IIA,B,LMNG,40.19,3.45
6IIA,B,LMNG,40.07,3.44
6IIA,B,LMNG,39.94,3.43
6IIA,B,LMNG,39.82,3.42
6IIA,B,LMNG,39.69,3.41
6IIA,B,LMNG,39.57,3.41
6IIA,B,LMNG,39.45,3.39
6IIA,B,LMNG,39.32,3.37
6IIA,B,LMNG,39.20,3.35
6IIA,B,LMNG,39.08,3.32
6IIA,B,LMNG,38.95,3.28
6IIA,B,LMNG,38.81,3.24
6IIA,B,LMNG,38.66,3.20
6IIA,B,LMNG,38.51,3.17
6IIA,B,LMNG,38.36,3.14
6IIA,B,LMNG,38.24,3.11
6IIA,B,LMNG,38.12,3.08
6IIA,B,LMNG,38.00,3.05
6IIA,B,LMNG,37.88,3.03
6IIA,B,LMNG,37.76,3.01
6IIA,B,LMNG,37.61,2.99
6IIA,B,LMNG,37.47,2.98
6IIA,B,LMNG,37.33,2.96
6IIA,B,LMNG,37.19,2.96
6IIA,B,LMNG,37.05,2.94
6IIA,B,LMNG,36.92,2.94
6IIA,B,LMNG,36.78,2.93
6IIA,B,LMNG,36.65,2.93
6IIA,B,LMNG,36.52,2.92
6IIA,B,LMNG,36.38,2.92
6IIA,B,LMNG,36.25,2.92
6IIA,B,LMNG,36.11,2.92
6IIA,B,LMNG,35.97,2.92
6IIA,B,LMNG,35.83,2.93
6IIA,B,LMNG,35.69,2.94
6IIA,B,LMNG,35.55,2.96
6IIA,B,LMNG,35.40,2.98
6IIA,B,LMNG,35.25,3.00
6IIA,B,LMNG,35.10,3.03
6IIA,B,LMNG,34.95,3.06
6IIA,B,LMNG,34.81,3.09
6IIA,B,LMNG,34.66,3.14
6IIA,B,LMNG,34.52,3.18
6IIA,B,LMNG,34.38,3.23
6IIA,B,LMNG,34.25,3.28
6IIA,B,LMNG,34.12,3.33
6IIA,B,LMNG,33.99,3.38
6IIA,B,LMNG,33.87,3.43
6IIA,B,LMNG,33.72,3.48
6IIA,B,LMNG,33.58,3.54
6IIA,B,LMNG,33.44,3.60
6IIA,B,LMNG,33.32,3.65
6IIA,B,LMNG,33.19,3.68
6IIA,B,LMNG,33.07,3.69
6IIA,B,LMNG,32.96,3.70
6IIA,B,LMNG,32.85,3.71
6IIA,B,LMNG,32.74,3.72
6IIA,B,LMNG,32.62,3.71
6IIA,B,LMNG,32.51,3.71
6IIA,B,LMNG,32.39,3.71
6IIA,B,LMNG,32.28,3.71
6IIA,B,LMNG,32.16,3.71
6IIA,B,LMNG,32.05,3.71
6IIA,B,LMNG,31.94,3.71
6IIA,B,LMNG,31.81,3.72
6IIA,B,LMNG,31.69,3.73
6IIA,B,LMNG,31.57,3.74
6IIA,B,LMNG,31.45,3.75
6IIA,B,LMNG,31.33,3.76
6IIA,B,LMNG,31.19,3.78
6IIA,B,LMNG,31.05,3.79
6IIA,B,LMNG,30.92,3.81
6IIA,B,LMNG,30.78,3.83
6IIA,B,LMNG,30.64,3.85
6IIA,B,LMNG,30.51,3.87
6IIA,B,LMNG,30.38,3.88
6IIA,B,LMNG,30.25,3.90
6IIA,B,LMNG,30.11,3.92
6IIA,B,LMNG,29.98,3.94
6IIA,B,LMNG,29.85,3.97
6IIA,B,LMNG,29.71,3.98
6IIA,B,LMNG,29.58,3.99
6IIA,B,LMNG,29.44,4.00
6IIA,B,LMNG,29.30,4.02
6IIA,B,LMNG,29.17,4.04
6IIA,B,LMNG,29.03,4.05
6IIA,B,LMNG,28.90,4.05
6IIA,B,LMNG,28.76,4.04
6IIA,B,LMNG,28.62,4.04
6IIA,B,LMNG,28.48,4.05
6IIA,B,LMNG,28.34,4.05
6IIA,B,LMNG,28.20,4.06
6IIA,B,LMNG,28.07,4.07
6IIA,B,LMNG,27.93,4.08
6IIA,B,LMNG,27.79,4.09
6IIA,B,LMNG,27.65,4.09
6IIA,B,LMNG,27.51,4.09
6IIA,B,LMNG,27.37,4.09
6IIA,B,LMNG,27.24,4.10
6IIA,B,LMNG,27.10,4.11
6IIA,B,LMNG,26.96,4.13
6IIA,B,LMNG,26.83,4.13
6IIA,B,LMNG,26.69,4.14
6IIA,B,LMNG,26.56,4.14
6IIA,B,LMNG,26.42,4.16
6IIA,B,LMNG,26.29,4.17
6IIA,B,LMNG,26.15,4.17
6IIA,B,LMNG,26.02,4.18
6IIA,B,LMNG,25.88,4.17
6IIA,B,LMNG,25.73,4.16
6IIA,B,LMNG,25.59,4.16
6IIA,B,LMNG,25.45,4.16
6IIA,B,LMNG,25.31,4.17
6IIA,B,LMNG,25.17,4.18
6IIA,B,LMNG,25.02,4.18
6IIA,B,LMNG,24.87,4.18
6IIA,B,LMNG,24.72,4.19
6IIA,B,LMNG,24.57,4.21
6IIA,B,LMNG,24.42,4.22
6IIA,B,LMNG,24.28,4.24
6IIA,B,LMNG,24.14,4.26
6IIA,B,LMNG,24.00,4.28
6IIA,B,LMNG,23.87,4.31
6IIA,B,LMNG,23.73,4.34
6IIA,B,LMNG,23.58,4.37
6IIA,B,LMNG,23.44,4.41
6IIA,B,LMNG,23.30,4.45
6IIA,B,LMNG,23.15,4.49
6IIA,B,LMNG,23.01,4.50
6IIA,B,LMNG,22.88,4.46
6IIA,B,LMNG,22.75,4.42
6IIA,B,LMNG,22.63,4.39
6IIA,B,LMNG,22.50,4.36
6IIA,B,LMNG,22.37,4.33
6IIA,B,LMNG,22.24,4.31
6IIA,B,LMNG,22.10,4.25
6IIA,B,LMNG,21.97,4.20
6IIA,B,LMNG,21.83,4.15
6IIA,B,LMNG,21.69,4.10
6IIA,B,LMNG,21.55,4.06
6IIA,B,LMNG,21.42,4.02
6IIA,B,LMNG,21.28,3.95
6IIA,B,LMNG,21.15,3.89
6IIA,B,LMNG,21.02,3.83
6IIA,B,LMNG,20.89,3.77
6IIA,B,LMNG,20.75,3.72
6IIA,B,LMNG,20.62,3.66
6IIA,B,LMNG,20.49,3.60
6IIA,B,LMNG,20.36,3.54
6IIA,B,LMNG,20.23,3.48
6IIA,B,LMNG,20.10,3.43
6IIA,B,LMNG,19.97,3.37
6IIA,B,LMNG,19.83,3.31
6IIA,B,LMNG,19.69,3.25
6IIA,B,LMNG,19.55,3.20
6IIA,B,LMNG,19.45,3.16
6IIA,B,LMNG,19.35,3.13
6IIA,B,LMNG,19.33,3.11
6IIA,B,LMNG,19.19,3.17
6IIA,B,LMNG,19.04,3.23
6IIA,B,LMNG,18.89,3.29
6IIA,B,LMNG,18.77,3.34
6IIA,B,LMNG,18.65,3.39
6IIA,B,LMNG,18.52,3.44
6IIA,B,LMNG,18.40,3.50
6IIA,B,LMNG,18.27,3.55
6IIA,B,LMNG,18.14,3.59
6IIA,B,LMNG,18.01,3.64
6IIA,B,LMNG,17.88,3.69
6IIA,B,LMNG,17.75,3.74
6IIA,B,LMNG,17.61,3.76
6IIA,B,LMNG,17.48,3.78
6IIA,B,LMNG,17.35,3.81
6IIA,B,LMNG,17.21,3.84
6IIA,B,LMNG,17.08,3.87
6IIA,B,LMNG,16.95,3.88
6IIA,B,LMNG,16.82,3.88
6IIA,B,LMNG,16.68,3.88
6IIA,B,LMNG,16.55,3.88
6IIA,B,LMNG,16.42,3.89
6IIA,B,LMNG,16.28,3.89
6IIA,B,LMNG,16.15,3.91
6IIA,B,LMNG,16.02,3.92
6IIA,B,LMNG,15.87,3.91
6IIA,B,LMNG,15.73,3.90
6IIA,B,LMNG,15.59,3.90
6IIA,B,LMNG,15.45,3.90
6IIA,B,LMNG,15.30,3.90
6IIA,B,LMNG,15.16,3.91
6IIA,B,LMNG,15.02,3.92
6IIA,B,LMNG,14.88,3.91
6IIA,B,LMNG,14.73,3.90
6IIA,B,LMNG,14.59,3.89
6IIA,B,LMNG,14.45,3.89
6IIA,B,LMNG,14.30,3.89
6IIA,B,LMNG,14.16,3.90
6IIA,B,LMNG,14.01,3.91
6IIA,B,LMNG,13.88,3.90
6IIA,B,LMNG,13.74,3.90
6IIA,B,LMNG,13.61,3.89
6IIA,B,LMNG,13.47,3.90
6IIA,B,LMNG,13.33,3.90
6IIA,B,LMNG,13.20,3.91
6IIA,B,LMNG,13.06,3.92
6IIA,B,LMNG,12.92,3.92
6IIA,B,LMNG,12.77,3.92
6IIA,B,LMNG,12.63,3.92
6IIA,B,LMNG,12.48,3.93
6IIA,B,LMNG,12.34,3.94
6IIA,B,LMNG,12.20,3.95
6IIA,B,LMNG,12.07,3.95
6IIA,B,LMNG,11.94,3.96
6IIA,B,LMNG,11.81,3.96
6IIA,B,LMNG,11.68,3.97
6IIA,B,LMNG,11.55,3.98
6IIA,B,LMNG,11.42,4.00
6IIA,B,LMNG,11.28,4.01
6IIA,B,LMNG,11.14,4.02
6IIA,B,LMNG,11.00,4.04
6IIA,B,LMNG,10.86,4.06
6IIA,B,LMNG,10.71,4.08
6IIA,B,LMNG,10.57,4.10
6IIA,B,LMNG,10.43,4.11
6IIA,B,LMNG,10.29,4.13
6IIA,B,LMNG,10.15,4.14
6IIA,B,LMNG,10.01,4.16
6IIA,B,LMNG,9.88,4.17
6IIA,B,LMNG,9.76,4.19
6IIA,B,LMNG,9.63,4.21
6IIA,B,LMNG,9.50,4.22
6IIA,B,LMNG,9.38,4.23
6IIA,B,LMNG,9.25,4.24
6IIA,B,LMNG,9.11,4.23
6IIA,B,LMNG,8.98,4.22
6IIA,B,LMNG,8.84,4.22
6IIA,B,LMNG,8.71,4.22
6IIA,B,LMNG,8.57,4.22
6IIA,B,LMNG,8.44,4.23
6IIA,B,LMNG,8.29,4.21
6IIA,B,LMNG,8.15,4.19
6IIA,B,LMNG,8.01,4.17
6IIA,B,LMNG,7.87,4.16
6IIA,B,LMNG,7.73,4.15
6IIA,B,LMNG,7.58,4.15
6IIA,B,LMNG,7.44,4.11
6IIA,B,LMNG,7.29,4.08
6IIA,B,LMNG,7.15,4.05
6IIA,B,LMNG,7.01,4.02
6IIA,B,LMNG,6.86,4.00
6IIA,B,LMNG,6.72,3.98
6IIA,B,LMNG,6.58,3.95
6IIA,B,LMNG,6.44,3.93
6IIA,B,LMNG,6.31,3.90
6IIA,B,LMNG,6.17,3.88
6IIA,B,LMNG,6.03,3.86
6IIA,B,LMNG,5.90,3.85
6IIA,B,LMNG,5.75,3.83
6IIA,B,LMNG,5.60,3.82
6IIA,B,LMNG,5.45,3.81
6IIA,B,LMNG,5.30,3.80
6IIA,B,LMNG,5.15,3.80
6IIA,B,LMNG,5.02,3.79
6IIA,B,LMNG,4.88,3.80
6IIA,B,LMNG,4.75,3.80
6IIA,B,LMNG,4.61,3.81
6IIA,B,LMNG,4.48,3.82
6IIA,B,LMNG,4.35,3.83
6IIA,B,LMNG,4.22,3.85
6IIA,B,LMNG,4.09,3.87
6IIA,B,LMNG,3.97,3.89
6IIA,B,LMNG,3.84,3.91
6IIA,B,LMNG,3.71,3.93
6IIA,B,LMNG,3.58,3.95
6IIA,B,LMNG,3.45,3.98
6IIA,B,LMNG,3.32,4.01
6IIA,B,LMNG,3.19,4.04
6IIA,B,LMNG,3.05,4.07
6IIA,B,LMNG,2.91,4.10
6IIA,B,LMNG,2.77,4.12
6IIA,B,LMNG,2.63,4.12
6IIA,B,LMNG,2.49,4.13
6IIA,B,LMNG,2.36,4.12
6IIA,B,LMNG,2.23,4.11
6IIA,B,LMNG,2.10,4.10
6IIA,B,LMNG,1.98,4.09
6IIA,B,LMNG,1.85,4.09
6IIA,B,LMNG,1.72,4.09
6IIA,B,LMNG,1.59,4.03
6IIA,B,LMNG,1.46,3.97
6IIA,B,LMNG,1.32,3.91
6IIA,B,LMNG,1.19,3.86
6IIA,B,LMNG,1.06,3.81
6IIA,B,LMNG,0.93,3.77
6IIA,B,LMNG,0.79,3.69
6IIA,B,LMNG,0.66,3.62
6IIA,B,LMNG,0.53,3.55
6IIA,B,LMNG,0.40,3.48
6IIA,B,LMNG,0.26,3.40
6IIA,B,LMNG,0.13,3.33
6IIA,B,LMNG,0.00,3.25
